epoch,lr,train_loss,valid_loss,train_accuracy,valid_accuracy,train_macro_f1,valid_macro_f1,valid_mae
1,0.0002997069691715983,0.9425731333260684,0.9414227788264935,0.6079528718703976,0.6222527472527473,0.5148009275398845,0.5767346129048256,0.661275905500688
2,0.00029882903314519993,0.8018672647462151,0.9342619606426784,0.6851251840942563,0.6126373626373627,0.6327139375316427,0.5522136790793506,0.611915030839065
3,0.0002973696567332102,0.7306632681693526,1.0080017709470057,0.7131075110456554,0.5975274725274725,0.668112036537341,0.5692981092077893,0.6366437476148809
4,0.00029533459942760165,0.6635489300090891,1.0107097651932266,0.7466863033873343,0.592032967032967,0.7115293100118713,0.5664832876770439,0.6389707690309528
5,0.00029273189266983027,0.5980365869574062,1.103202639045296,0.7846833578792342,0.5741758241758241,0.7569059213744573,0.5657703594663189,0.623163619216859
6,0.0002895718081544053,0.5183802607484348,1.132686232472514,0.8159057437407953,0.5673076923076923,0.7933837589782665,0.5441249565996016,0.6390258385492795
7,0.0002858668172912039,0.45645506617246917,1.309417575270265,0.8403534609720177,0.5618131868131868,0.8206344849022879,0.5406156661430614,0.6527757300729198
8,0.00028163154198651373,0.3872150504711977,1.3942888254647727,0.869219440353461,0.5686813186813187,0.8536661870659815,0.5398000722057783,0.666887612028334
9,0.00027688269693704925,0.34148730002727706,1.5365660740778997,0.8945508100147276,0.5673076923076923,0.8818467296759458,0.5420339444165411,0.6634413631438472
10,0.0002716390236646797,0.2744401111825752,1.433043589958778,0.9181148748159057,0.5892857142857143,0.9084615793316096,0.5749489460615442,0.6443962875656415
11,0.00026592121655220473,0.24124979635752705,1.682403170145475,0.9281296023564065,0.5755494505494505,0.9203277820074581,0.5484536945331789,0.7018605076892117
12,0.00025975184117207965,0.21947799852565042,1.7982975048023266,0.9357879234167894,0.5796703296703297,0.9291735321960836,0.5551820447387121,0.6750863095141619
13,0.00025315524523041033,0.20414527759109577,1.8578575115937452,0.9431516936671576,0.5480769230769231,0.9373991293081355,0.5373728123728124,0.6673413025737218
14,0.00024615746247768044,0.17751029414921693,1.9338624280887646,0.9531664212076584,0.5782967032967034,0.9475378324400651,0.5664726749413176,0.659712292576352
15,0.00023878610996543232,0.16250786465621486,2.014934327576187,0.9608247422680413,0.5810439560439561,0.956879052314973,0.545449050639446,0.6715656187753756
16,0.00023107027905438102,0.1376657527966071,2.168017023212307,0.9690721649484536,0.5851648351648352,0.9666443433120574,0.5537844671856634,0.6746942952689766
17,0.00022304042060410475,0.13301120572922331,2.1307388098685296,0.9655375552282769,0.5659340659340659,0.9613182235849234,0.5354636589774999,0.6606406613948991
18,0.00021472822479741332,0.1149047646336861,2.2007436044923554,0.974079528718704,0.5590659340659341,0.970248980400218,0.5371524048215778,0.6652795465683544
19,0.0002061664960736747,0.10315554717854653,2.4486687654977315,0.9802650957290132,0.5769230769230769,0.978192264477786,0.535748109876562,0.6970716307328625
20,0.0001973890236646797,0.10198014274854021,2.5649993223148386,0.9802650957290132,0.5590659340659341,0.9778465209490923,0.5381137630506653,0.6694087108755791
21,0.00018843044824398092,0.11377085838823502,2.249748463159079,0.9743740795287187,0.5728021978021978,0.9717933816850451,0.55040832498847,0.6225288405113822
22,0.00017932612521598013,0.0744825819542903,2.4615698659813012,0.9876288659793815,0.5755494505494505,0.9862491327370062,0.5464653754977759,0.6323496405275764
23,0.0001701119851842992,0.06287052026772885,2.877626039169647,0.9899852724594993,0.5576923076923077,0.989192527825313,0.5253043848309503,0.7019714427661601
24,0.00016082439215010306,0.05915845932935492,2.9814860558771823,0.9938144329896907,0.5590659340659341,0.9930426988584232,0.5292794514282766,0.654844872558817
25,0.0001515,0.05048638282176409,2.9495947518191494,0.9938144329896907,0.5879120879120879,0.9929979847796857,0.5543684889025388,0.6448078064918313
26,0.00014217560784989696,0.04361606982532499,3.1130678051120633,0.9964653902798233,0.5535714285714286,0.9960649581181485,0.5293634070180436,0.6499234307710859
27,0.00013288801481570084,0.04497777753275036,3.1024357276958425,0.9970544918998527,0.5576923076923077,0.996801970766097,0.5405207109296418,0.6469678493641358
28,0.00012367387478401991,0.041595809253835186,3.222075965378311,0.996759941089838,0.5618131868131868,0.9967204257613353,0.5396974839327089,0.6764554866451442
29,0.00011456955175601908,0.04464107254692881,3.195578782113044,0.9961708394698086,0.5673076923076923,0.9960848248400879,0.5429471544110719,0.6435970262276357
30,0.00010561097633532038,0.03632040217968694,3.2364154962392955,0.9976435935198822,0.5673076923076923,0.9973925189488088,0.5465443992776643,0.6228637189865317
31,9.683350392632539e-05,0.035060299082010415,3.3492957654890123,0.9985272459499264,0.5631868131868132,0.9982782122195736,0.5397213053570987,0.6429647458256683
32,8.827177520258673e-05,0.030431476221124975,3.293963128393823,0.9994108983799705,0.5810439560439561,0.9993357290633108,0.5486626156886324,0.6285148955815073
33,7.995957939589527e-05,0.031825426815623566,3.2596944452642083,0.9994108983799705,0.5769230769230769,0.9994082237498021,0.5492445670280669,0.6361479888475694
34,7.192972094561898e-05,0.028858914280609285,3.280884774176629,0.9991163475699558,0.5769230769230769,0.9988962652092127,0.54824246949932,0.6562452062575536
35,6.421389003456776e-05,0.029806596723787035,3.323636618289319,0.9982326951399116,0.5796703296703297,0.9980563859293715,0.5484160906847036,0.6345023116183846
36,5.684253752231957e-05,0.026569409231725252,3.3291906865088494,0.9994108983799705,0.570054945054945,0.999335498748883,0.5433595857312562,0.6300385509090559
37,4.984475476958972e-05,0.02774055015229907,3.2883230356069713,0.9997054491899853,0.5741758241758241,0.9996078245482053,0.5484601817935152,0.6399078326949665
38,4.324815882792042e-05,0.024189790189046746,3.2369216824625875,1.0,0.5782967032967034,1.0,0.5456053187964355,0.6483416275970719
39,3.707878344779531e-05,0.02558877861952966,3.221711224252051,0.9997054491899853,0.5686813186813187,0.999727904422946,0.5429380091675173,0.6275737043828346
40,3.136097633532032e-05,0.023757893323283836,3.2722071553324605,0.9994108983799705,0.5714285714285714,0.9994559269914681,0.5451272451148467,0.6490283353116035
41,2.6117303062950797e-05,0.02401396643496578,3.2251494638212432,0.9994108983799705,0.5728021978021978,0.9994080531245602,0.5475103802058191,0.6320442641307447
42,2.136845801348626e-05,0.02256264279099985,3.27251542531527,1.0,0.5741758241758241,1.0,0.5481312421972534,0.6409594690795619
43,1.7133182708796128e-05,0.021656059440285712,3.265930482319423,1.0,0.5782967032967034,1.0,0.5511638081675874,0.6389555555031441
44,1.3428191845594675e-05,0.02108477608730059,3.253674593600598,1.0,0.5782967032967034,1.0,0.5498072394989685,0.6372903159174782
45,1.02681073301697e-05,0.021173314942768466,3.2439264019767005,1.0,0.5782967032967034,1.0,0.5495928646027725,0.6419960928615183
46,7.6654005723983e-06,0.020879267977169318,3.2540616936736053,0.9997054491899853,0.5796703296703297,0.9996802074700137,0.5533376208077291,0.6380821254109493
47,5.630343266789724e-06,0.02054249187756538,3.2547044230031443,1.0,0.5796703296703297,1.0,0.5534906946933847,0.633698462871937
48,4.170966854800051e-06,0.02096090292632141,3.2508313682053114,0.9997054491899853,0.5796703296703297,0.9996077127092554,0.5534906946933847,0.6356087887767129
49,3.2930308284016733e-06,0.020650419914636856,3.2546112615983565,1.0,0.5782967032967034,1.0,0.5524945692896386,0.6374060247850778
50,2.9999999999999997e-06,0.021078859962693063,3.253995405448662,0.9997054491899853,0.5782967032967034,0.9996804377844414,0.5524945692896386,0.6367443506477994
