id,video_id,clip_id,modality,annotation,label,duration_seconds,raw_feature_rows,raw_feature_dim,aligned_shape,alignment_granularity,valid_bins,mean_coverage,source_interval_start_seconds,source_interval_end_seconds,text_alignment,backend,video_path,video_sha256
-3g5yACwYnA$_$2,-3g5yACwYnA,2,text,Neutral,0.0,9.39,19.0,768.0,50x768,50 equal-duration bins,23.0,0.304953,1.862282,7.709447,ctc,transformers:D:\E_math\models\bert-base-uncased,D:\E_math\DATA\attachment_1_raw_samples\videos\-3g5yACwYnA\2.mp4,0619c01f137d017c15c058176f18a575919189c7e81ebd2bfb993afdb86f3de7
-3g5yACwYnA$_$2,-3g5yACwYnA,2,audio,Neutral,0.0,9.39,921.0,74.0,50x74,50 equal-duration bins,50.0,0.982428,0.0,9.225,ctc,ffmpeg_numpy_74,D:\E_math\DATA\attachment_1_raw_samples\videos\-3g5yACwYnA\2.mp4,0619c01f137d017c15c058176f18a575919189c7e81ebd2bfb993afdb86f3de7
-3g5yACwYnA$_$2,-3g5yACwYnA,2,vision,Neutral,0.0,9.39,47.0,35.0,50x35,50 equal-duration bins,50.0,1.0,0.0,9.39,ctc,ffmpeg_numpy_35,D:\E_math\DATA\attachment_1_raw_samples\videos\-3g5yACwYnA\2.mp4,0619c01f137d017c15c058176f18a575919189c7e81ebd2bfb993afdb86f3de7
-3g5yACwYnA$_$3,-3g5yACwYnA,3,text,Neutral,0.0,14.39,42.0,768.0,50x768,50 equal-duration bins,37.0,0.451951,0.60033,12.947116,ctc,transformers:D:\E_math\models\bert-base-uncased,D:\E_math\DATA\attachment_1_raw_samples\videos\-3g5yACwYnA\3.mp4,eff8cfefba2425155f2b72656829b34b23be8bfe1dcbece384154f56818aa26d
-3g5yACwYnA$_$3,-3g5yACwYnA,3,audio,Neutral,0.0,14.39,1431.0,74.0,50x74,50 equal-duration bins,50.0,0.995483,0.0,14.325,ctc,ffmpeg_numpy_74,D:\E_math\DATA\attachment_1_raw_samples\videos\-3g5yACwYnA\3.mp4,eff8cfefba2425155f2b72656829b34b23be8bfe1dcbece384154f56818aa26d
-3g5yACwYnA$_$3,-3g5yACwYnA,3,vision,Neutral,0.0,14.39,72.0,35.0,50x35,50 equal-duration bins,50.0,1.0,0.0,14.39,ctc,ffmpeg_numpy_35,D:\E_math\DATA\attachment_1_raw_samples\videos\-3g5yACwYnA\3.mp4,eff8cfefba2425155f2b72656829b34b23be8bfe1dcbece384154f56818aa26d
-3g5yACwYnA$_$9,-3g5yACwYnA,9,text,Positive,0.666667,8.82,30.0,768.0,50x768,50 equal-duration bins,37.0,0.5475,0.801486,8.475717,ctc,transformers:D:\E_math\models\bert-base-uncased,D:\E_math\DATA\attachment_1_raw_samples\videos\-3g5yACwYnA\9.mp4,b962573b12ed1f06d5533f6427c80dce2bae3a99dd332f6d3fcb32c579f3f016
-3g5yACwYnA$_$9,-3g5yACwYnA,9,audio,Positive,0.666667,8.82,868.0,74.0,50x74,50 equal-duration bins,50.0,0.985828,0.0,8.695,ctc,ffmpeg_numpy_74,D:\E_math\DATA\attachment_1_raw_samples\videos\-3g5yACwYnA\9.mp4,b962573b12ed1f06d5533f6427c80dce2bae3a99dd332f6d3fcb32c579f3f016
-3g5yACwYnA$_$9,-3g5yACwYnA,9,vision,Positive,0.666667,8.82,44.0,35.0,50x35,50 equal-duration bins,50.0,1.0,0.0,8.82,ctc,ffmpeg_numpy_35,D:\E_math\DATA\attachment_1_raw_samples\videos\-3g5yACwYnA\9.mp4,b962573b12ed1f06d5533f6427c80dce2bae3a99dd332f6d3fcb32c579f3f016
-3g5yACwYnA$_$13,-3g5yACwYnA,13,text,Positive,0.666667,5.51,20.0,768.0,50x768,50 equal-duration bins,32.0,0.462619,1.445119,4.857205,ctc,transformers:D:\E_math\models\bert-base-uncased,D:\E_math\DATA\attachment_1_raw_samples\videos\-3g5yACwYnA\13.mp4,aeb47627f59dce3d0a85a44ef35e4a3bc18211498e98c8c11cf60269646df24f
-3g5yACwYnA$_$13,-3g5yACwYnA,13,audio,Positive,0.666667,5.51,538.0,74.0,50x74,50 equal-duration bins,49.0,0.979129,0.0,5.395,ctc,ffmpeg_numpy_74,D:\E_math\DATA\attachment_1_raw_samples\videos\-3g5yACwYnA\13.mp4,aeb47627f59dce3d0a85a44ef35e4a3bc18211498e98c8c11cf60269646df24f
-3g5yACwYnA$_$13,-3g5yACwYnA,13,vision,Positive,0.666667,5.51,28.0,35.0,50x35,50 equal-duration bins,50.0,1.0,0.0,5.51,ctc,ffmpeg_numpy_35,D:\E_math\DATA\attachment_1_raw_samples\videos\-3g5yACwYnA\13.mp4,aeb47627f59dce3d0a85a44ef35e4a3bc18211498e98c8c11cf60269646df24f
-3nNcZdcdvU$_$5,-3nNcZdcdvU,5,text,Neutral,0.0,7.87,24.0,768.0,50x768,50 equal-duration bins,40.0,0.580053,0.560616,7.247968,ctc,transformers:D:\E_math\models\bert-base-uncased,D:\E_math\DATA\attachment_1_raw_samples\videos\-3nNcZdcdvU\5.mp4,7ea53ad502b77be7d2ee4494dc23a9478c897792203cf887d546e83d584c1728
-3nNcZdcdvU$_$5,-3nNcZdcdvU,5,audio,Neutral,0.0,7.87,777.0,74.0,50x74,50 equal-duration bins,50.0,0.989199,0.0,7.785,ctc,ffmpeg_numpy_74,D:\E_math\DATA\attachment_1_raw_samples\videos\-3nNcZdcdvU\5.mp4,7ea53ad502b77be7d2ee4494dc23a9478c897792203cf887d546e83d584c1728
-3nNcZdcdvU$_$5,-3nNcZdcdvU,5,vision,Neutral,0.0,7.87,39.0,35.0,50x35,50 equal-duration bins,50.0,1.0,0.0,7.87,ctc,ffmpeg_numpy_35,D:\E_math\DATA\attachment_1_raw_samples\videos\-3nNcZdcdvU\5.mp4,7ea53ad502b77be7d2ee4494dc23a9478c897792203cf887d546e83d584c1728
-571d8cVauQ$_$0,-571d8cVauQ,0,text,Neutral,0.0,5.07,18.0,768.0,50x768,50 equal-duration bins,34.0,0.518043,1.062621,4.410879,ctc,transformers:D:\E_math\models\bert-base-uncased,D:\E_math\DATA\attachment_1_raw_samples\videos\-571d8cVauQ\0.mp4,defc62e1530d9b0cd27f2acfe042b71dd84d7e8c85f1df261f04912091976088
-571d8cVauQ$_$0,-571d8cVauQ,0,audio,Neutral,0.0,5.07,497.0,74.0,50x74,50 equal-duration bins,50.0,0.983235,0.0,4.985,ctc,ffmpeg_numpy_74,D:\E_math\DATA\attachment_1_raw_samples\videos\-571d8cVauQ\0.mp4,defc62e1530d9b0cd27f2acfe042b71dd84d7e8c85f1df261f04912091976088
-571d8cVauQ$_$0,-571d8cVauQ,0,vision,Neutral,0.0,5.07,26.0,35.0,50x35,50 equal-duration bins,50.0,1.0,0.0,5.07,ctc,ffmpeg_numpy_35,D:\E_math\DATA\attachment_1_raw_samples\videos\-571d8cVauQ\0.mp4,defc62e1530d9b0cd27f2acfe042b71dd84d7e8c85f1df261f04912091976088
-571d8cVauQ$_$5,-571d8cVauQ,5,text,Positive,0.333333,15.27,50.0,768.0,50x768,50 equal-duration bins,41.0,0.452323,0.540545,14.594725,ctc,transformers:D:\E_math\models\bert-base-uncased,D:\E_math\DATA\attachment_1_raw_samples\videos\-571d8cVauQ\5.mp4,e304c03fac1f477823fe0926c4fb421b9c4e4091f85718b729afe856c24a7d3e
-571d8cVauQ$_$5,-571d8cVauQ,5,audio,Positive,0.333333,15.27,1510.0,74.0,50x74,50 equal-duration bins,50.0,0.989849,0.0,15.115,ctc,ffmpeg_numpy_74,D:\E_math\DATA\attachment_1_raw_samples\videos\-571d8cVauQ\5.mp4,e304c03fac1f477823fe0926c4fb421b9c4e4091f85718b729afe856c24a7d3e
-571d8cVauQ$_$5,-571d8cVauQ,5,vision,Positive,0.333333,15.27,76.0,35.0,50x35,50 equal-duration bins,50.0,1.0,0.0,15.27,ctc,ffmpeg_numpy_35,D:\E_math\DATA\attachment_1_raw_samples\videos\-571d8cVauQ\5.mp4,e304c03fac1f477823fe0926c4fb421b9c4e4091f85718b729afe856c24a7d3e
-6rXp3zJ3kc$_$8,-6rXp3zJ3kc,8,text,Negative,-1.0,12.81,40.0,768.0,50x768,50 equal-duration bins,39.0,0.490936,0.520736,12.217264,ctc,transformers:D:\E_math\models\bert-base-uncased,D:\E_math\DATA\attachment_1_raw_samples\videos\-6rXp3zJ3kc\8.mp4,59b77a0f873b7fa95e7327b93d64bb5a4bdae84039321988ef70bba8e63ee1ae
-6rXp3zJ3kc$_$8,-6rXp3zJ3kc,8,audio,Negative,-1.0,12.81,1272.0,74.0,50x74,50 equal-duration bins,50.0,0.994145,0.0,12.735,ctc,ffmpeg_numpy_74,D:\E_math\DATA\attachment_1_raw_samples\videos\-6rXp3zJ3kc\8.mp4,59b77a0f873b7fa95e7327b93d64bb5a4bdae84039321988ef70bba8e63ee1ae
-6rXp3zJ3kc$_$8,-6rXp3zJ3kc,8,vision,Negative,-1.0,12.81,64.0,35.0,50x35,50 equal-duration bins,50.0,1.0,0.0,12.81,ctc,ffmpeg_numpy_35,D:\E_math\DATA\attachment_1_raw_samples\videos\-6rXp3zJ3kc\8.mp4,59b77a0f873b7fa95e7327b93d64bb5a4bdae84039321988ef70bba8e63ee1ae
-9y-fZ3swSY$_$0,-9y-fZ3swSY,0,text,Positive,1.0,6.83,30.0,768.0,50x768,50 equal-duration bins,40.0,0.540158,0.040101,6.29584,ctc,transformers:D:\E_math\models\bert-base-uncased,D:\E_math\DATA\attachment_1_raw_samples\videos\-9y-fZ3swSY\0.mp4,29a1fd181293cdbe24e50edcad51e3cc0f27a5824d840bcc39d453b272fb6e3c
-9y-fZ3swSY$_$0,-9y-fZ3swSY,0,audio,Positive,1.0,6.83,674.0,74.0,50x74,50 equal-duration bins,50.0,0.989019,0.0,6.755,ctc,ffmpeg_numpy_74,D:\E_math\DATA\attachment_1_raw_samples\videos\-9y-fZ3swSY\0.mp4,29a1fd181293cdbe24e50edcad51e3cc0f27a5824d840bcc39d453b272fb6e3c
-9y-fZ3swSY$_$0,-9y-fZ3swSY,0,vision,Positive,1.0,6.83,35.0,35.0,50x35,50 equal-duration bins,50.0,1.0,0.0,6.83,ctc,ffmpeg_numpy_35,D:\E_math\DATA\attachment_1_raw_samples\videos\-9y-fZ3swSY\0.mp4,29a1fd181293cdbe24e50edcad51e3cc0f27a5824d840bcc39d453b272fb6e3c
-9y-fZ3swSY$_$4,-9y-fZ3swSY,4,text,Neutral,0.0,2.82,13.0,768.0,50x768,50 equal-duration bins,28.0,0.415214,0.343196,2.584061,ctc,transformers:D:\E_math\models\bert-base-uncased,D:\E_math\DATA\attachment_1_raw_samples\videos\-9y-fZ3swSY\4.mp4,fe04a26710e85c58bdaad5a48618c7e0f742d82b0d920eb4a046c8f14a6921dc
-9y-fZ3swSY$_$4,-9y-fZ3swSY,4,audio,Neutral,0.0,2.82,264.0,74.0,50x74,50 equal-duration bins,48.0,0.941489,0.0,2.655,ctc,ffmpeg_numpy_74,D:\E_math\DATA\attachment_1_raw_samples\videos\-9y-fZ3swSY\4.mp4,fe04a26710e85c58bdaad5a48618c7e0f742d82b0d920eb4a046c8f14a6921dc
-9y-fZ3swSY$_$4,-9y-fZ3swSY,4,vision,Neutral,0.0,2.82,14.0,35.0,50x35,50 equal-duration bins,50.0,1.0,0.0,2.82,ctc,ffmpeg_numpy_35,D:\E_math\DATA\attachment_1_raw_samples\videos\-9y-fZ3swSY\4.mp4,fe04a26710e85c58bdaad5a48618c7e0f742d82b0d920eb4a046c8f14a6921dc
-9y-fZ3swSY$_$8,-9y-fZ3swSY,8,text,Positive,1.66667,4.99,16.0,768.0,50x768,50 equal-duration bins,34.0,0.446433,0.260902,4.415265,ctc,transformers:D:\E_math\models\bert-base-uncased,D:\E_math\DATA\attachment_1_raw_samples\videos\-9y-fZ3swSY\8.mp4,6140d031e614b62a5d8df73346fef2417c28cee3501310aa95aa40d358b4b256
-9y-fZ3swSY$_$8,-9y-fZ3swSY,8,audio,Positive,1.66667,4.99,490.0,74.0,50x74,50 equal-duration bins,50.0,0.98497,0.0,4.915,ctc,ffmpeg_numpy_74,D:\E_math\DATA\attachment_1_raw_samples\videos\-9y-fZ3swSY\8.mp4,6140d031e614b62a5d8df73346fef2417c28cee3501310aa95aa40d358b4b256
-9y-fZ3swSY$_$8,-9y-fZ3swSY,8,vision,Positive,1.66667,4.99,25.0,35.0,50x35,50 equal-duration bins,50.0,1.0,0.0,4.99,ctc,ffmpeg_numpy_35,D:\E_math\DATA\attachment_1_raw_samples\videos\-9y-fZ3swSY\8.mp4,6140d031e614b62a5d8df73346fef2417c28cee3501310aa95aa40d358b4b256
-AUZQgSxyPQ$_$2,-AUZQgSxyPQ,2,text,Positive,0.666667,22.51,50.0,768.0,50x768,50 equal-duration bins,44.0,0.515003,0.500549,21.823925,ctc,transformers:D:\E_math\models\bert-base-uncased,D:\E_math\DATA\attachment_1_raw_samples\videos\-AUZQgSxyPQ\2.mp4,e09034b30bb4f8fb9f9c2568afc20f2a764e327fe6ef4e13f21804eaac51bb7b
-AUZQgSxyPQ$_$2,-AUZQgSxyPQ,2,audio,Positive,0.666667,22.51,2238.0,74.0,50x74,50 equal-duration bins,50.0,0.994891,0.0,22.395,ctc,ffmpeg_numpy_74,D:\E_math\DATA\attachment_1_raw_samples\videos\-AUZQgSxyPQ\2.mp4,e09034b30bb4f8fb9f9c2568afc20f2a764e327fe6ef4e13f21804eaac51bb7b
-AUZQgSxyPQ$_$2,-AUZQgSxyPQ,2,vision,Positive,0.666667,22.51,113.0,35.0,50x35,50 equal-duration bins,50.0,1.0,0.0,22.51,ctc,ffmpeg_numpy_35,D:\E_math\DATA\attachment_1_raw_samples\videos\-AUZQgSxyPQ\2.mp4,e09034b30bb4f8fb9f9c2568afc20f2a764e327fe6ef4e13f21804eaac51bb7b
-HeZS2-Prhc$_$2,-HeZS2-Prhc,2,text,Positive,0.666667,8.26,19.0,768.0,50x768,50 equal-duration bins,36.0,0.455814,0.140187,8.130848,ctc,transformers:D:\E_math\models\bert-base-uncased,D:\E_math\DATA\attachment_1_raw_samples\videos\-HeZS2-Prhc\2.mp4,edb0fa22fdfbd990c8174764af78670bd2ecad799240d35d96a1124a3cd9dc0c
-HeZS2-Prhc$_$2,-HeZS2-Prhc,2,audio,Positive,0.666667,8.26,813.0,74.0,50x74,50 equal-duration bins,50.0,0.986077,0.0,8.145,ctc,ffmpeg_numpy_74,D:\E_math\DATA\attachment_1_raw_samples\videos\-HeZS2-Prhc\2.mp4,edb0fa22fdfbd990c8174764af78670bd2ecad799240d35d96a1124a3cd9dc0c
-HeZS2-Prhc$_$2,-HeZS2-Prhc,2,vision,Positive,0.666667,8.26,41.0,35.0,50x35,50 equal-duration bins,50.0,1.0,0.0,8.26,ctc,ffmpeg_numpy_35,D:\E_math\DATA\attachment_1_raw_samples\videos\-HeZS2-Prhc\2.mp4,edb0fa22fdfbd990c8174764af78670bd2ecad799240d35d96a1124a3cd9dc0c
-HwX2H8Z4hY$_$2,-HwX2H8Z4hY,2,text,Neutral,0.0,3.98,14.0,768.0,50x768,50 equal-duration bins,21.0,0.338048,0.0,3.453948,ctc,transformers:D:\E_math\models\bert-base-uncased,D:\E_math\DATA\attachment_1_raw_samples\videos\-HwX2H8Z4hY\2.mp4,920a1052c09ebd1eedba6dd1ccfecd80f56f6f0fdcdd1f6dd32b0d90bcb89358
-HwX2H8Z4hY$_$2,-HwX2H8Z4hY,2,audio,Neutral,0.0,3.98,390.0,74.0,50x74,50 equal-duration bins,50.0,0.983668,0.0,3.915,ctc,ffmpeg_numpy_74,D:\E_math\DATA\attachment_1_raw_samples\videos\-HwX2H8Z4hY\2.mp4,920a1052c09ebd1eedba6dd1ccfecd80f56f6f0fdcdd1f6dd32b0d90bcb89358
-HwX2H8Z4hY$_$2,-HwX2H8Z4hY,2,vision,Neutral,0.0,3.98,20.0,35.0,50x35,50 equal-duration bins,50.0,1.0,0.0,3.98,ctc,ffmpeg_numpy_35,D:\E_math\DATA\attachment_1_raw_samples\videos\-HwX2H8Z4hY\2.mp4,920a1052c09ebd1eedba6dd1ccfecd80f56f6f0fdcdd1f6dd32b0d90bcb89358
-HwX2H8Z4hY$_$5,-HwX2H8Z4hY,5,text,Negative,-1.0,5.65,12.0,768.0,50x768,50 equal-duration bins,38.0,0.604393,0.803487,5.102144,ctc,transformers:D:\E_math\models\bert-base-uncased,D:\E_math\DATA\attachment_1_raw_samples\videos\-HwX2H8Z4hY\5.mp4,8d61b7f5840a8bd403d9bc6c3cd49029ffc4e304cf9c7834735c1a6bb5fd369d
-HwX2H8Z4hY$_$5,-HwX2H8Z4hY,5,audio,Negative,-1.0,5.65,552.0,74.0,50x74,50 equal-duration bins,49.0,0.979646,0.0,5.535,ctc,ffmpeg_numpy_74,D:\E_math\DATA\attachment_1_raw_samples\videos\-HwX2H8Z4hY\5.mp4,8d61b7f5840a8bd403d9bc6c3cd49029ffc4e304cf9c7834735c1a6bb5fd369d
-HwX2H8Z4hY$_$5,-HwX2H8Z4hY,5,vision,Negative,-1.0,5.65,28.0,35.0,50x35,50 equal-duration bins,50.0,1.0,0.0,5.65,ctc,ffmpeg_numpy_35,D:\E_math\DATA\attachment_1_raw_samples\videos\-HwX2H8Z4hY\5.mp4,8d61b7f5840a8bd403d9bc6c3cd49029ffc4e304cf9c7834735c1a6bb5fd369d
-HwX2H8Z4hY$_$6,-HwX2H8Z4hY,6,text,Neutral,0.0,3.36,11.0,768.0,50x768,50 equal-duration bins,26.0,0.388815,0.562765,2.833926,ctc,transformers:D:\E_math\models\bert-base-uncased,D:\E_math\DATA\attachment_1_raw_samples\videos\-HwX2H8Z4hY\6.mp4,696576dcbd0dc42cb678fa40d8a0f0f419a3072bfa7662d653756ab29bba4c46
-HwX2H8Z4hY$_$6,-HwX2H8Z4hY,6,audio,Neutral,0.0,3.36,324.0,74.0,50x74,50 equal-duration bins,49.0,0.96875,0.0,3.255,ctc,ffmpeg_numpy_74,D:\E_math\DATA\attachment_1_raw_samples\videos\-HwX2H8Z4hY\6.mp4,696576dcbd0dc42cb678fa40d8a0f0f419a3072bfa7662d653756ab29bba4c46
-HwX2H8Z4hY$_$6,-HwX2H8Z4hY,6,vision,Neutral,0.0,3.36,17.0,35.0,50x35,50 equal-duration bins,50.0,1.0,0.0,3.36,ctc,ffmpeg_numpy_35,D:\E_math\DATA\attachment_1_raw_samples\videos\-HwX2H8Z4hY\6.mp4,696576dcbd0dc42cb678fa40d8a0f0f419a3072bfa7662d653756ab29bba4c46
-HwX2H8Z4hY$_$9,-HwX2H8Z4hY,9,text,Negative,-0.333333,7.73,26.0,768.0,50x768,50 equal-duration bins,37.0,0.547094,0.561199,7.135242,ctc,transformers:D:\E_math\models\bert-base-uncased,D:\E_math\DATA\attachment_1_raw_samples\videos\-HwX2H8Z4hY\9.mp4,90c18e627f27a12c14e21ba24c79edf3008762b4ac26874b490ad3f888381702
-HwX2H8Z4hY$_$9,-HwX2H8Z4hY,9,audio,Negative,-0.333333,7.73,762.0,74.0,50x74,50 equal-duration bins,50.0,0.98771,0.0,7.635,ctc,ffmpeg_numpy_74,D:\E_math\DATA\attachment_1_raw_samples\videos\-HwX2H8Z4hY\9.mp4,90c18e627f27a12c14e21ba24c79edf3008762b4ac26874b490ad3f888381702
-HwX2H8Z4hY$_$9,-HwX2H8Z4hY,9,vision,Negative,-0.333333,7.73,39.0,35.0,50x35,50 equal-duration bins,50.0,1.0,0.0,7.73,ctc,ffmpeg_numpy_35,D:\E_math\DATA\attachment_1_raw_samples\videos\-HwX2H8Z4hY\9.mp4,90c18e627f27a12c14e21ba24c79edf3008762b4ac26874b490ad3f888381702
-I_e4mIh0yE$_$1,-I_e4mIh0yE,1,text,Negative,-0.666667,7.62,23.0,768.0,50x768,50 equal-duration bins,35.0,0.466089,0.822687,6.882478,ctc,transformers:D:\E_math\models\bert-base-uncased,D:\E_math\DATA\attachment_1_raw_samples\videos\-I_e4mIh0yE\1.mp4,8453a966d4bd1f0179eb86a35cd34c0864a3a3bc2fa86f37783060cc0d14f5df
-I_e4mIh0yE$_$1,-I_e4mIh0yE,1,audio,Negative,-0.666667,7.62,742.0,74.0,50x74,50 equal-duration bins,49.0,0.975722,0.0,7.435,ctc,ffmpeg_numpy_74,D:\E_math\DATA\attachment_1_raw_samples\videos\-I_e4mIh0yE\1.mp4,8453a966d4bd1f0179eb86a35cd34c0864a3a3bc2fa86f37783060cc0d14f5df
-I_e4mIh0yE$_$1,-I_e4mIh0yE,1,vision,Negative,-0.666667,7.62,38.0,35.0,50x35,50 equal-duration bins,50.0,1.0,0.0,7.62,ctc,ffmpeg_numpy_35,D:\E_math\DATA\attachment_1_raw_samples\videos\-I_e4mIh0yE\1.mp4,8453a966d4bd1f0179eb86a35cd34c0864a3a3bc2fa86f37783060cc0d14f5df
-I_e4mIh0yE$_$3,-I_e4mIh0yE,3,text,Positive,0.666667,9.16,32.0,768.0,50x768,50 equal-duration bins,34.0,0.476744,0.580928,8.393414,ctc,transformers:D:\E_math\models\bert-base-uncased,D:\E_math\DATA\attachment_1_raw_samples\videos\-I_e4mIh0yE\3.mp4,a015f02ae51d74c42ad27e2a0831263a303f0658ac8d984819e27ad61342b23e
-I_e4mIh0yE$_$3,-I_e4mIh0yE,3,audio,Positive,0.666667,9.16,897.0,74.0,50x74,50 equal-duration bins,50.0,0.980895,0.0,8.985,ctc,ffmpeg_numpy_74,D:\E_math\DATA\attachment_1_raw_samples\videos\-I_e4mIh0yE\3.mp4,a015f02ae51d74c42ad27e2a0831263a303f0658ac8d984819e27ad61342b23e
-I_e4mIh0yE$_$3,-I_e4mIh0yE,3,vision,Positive,0.666667,9.16,46.0,35.0,50x35,50 equal-duration bins,50.0,1.0,0.0,9.16,ctc,ffmpeg_numpy_35,D:\E_math\DATA\attachment_1_raw_samples\videos\-I_e4mIh0yE\3.mp4,a015f02ae51d74c42ad27e2a0831263a303f0658ac8d984819e27ad61342b23e
-MeTTeMJBNc$_$0,-MeTTeMJBNc,0,text,Positive,0.333333,9.3,28.0,768.0,50x768,50 equal-duration bins,38.0,0.53224,1.00199,8.597078,ctc,transformers:D:\E_math\models\bert-base-uncased,D:\E_math\DATA\attachment_1_raw_samples\videos\-MeTTeMJBNc\0.mp4,54e2097f7bdb455d243e72254e5af7ed16160739f2f3cfd22f57d2729ec1acbe
-MeTTeMJBNc$_$0,-MeTTeMJBNc,0,audio,Positive,0.333333,9.3,920.0,74.0,50x74,50 equal-duration bins,50.0,0.99086,0.0,9.215,ctc,ffmpeg_numpy_74,D:\E_math\DATA\attachment_1_raw_samples\videos\-MeTTeMJBNc\0.mp4,54e2097f7bdb455d243e72254e5af7ed16160739f2f3cfd22f57d2729ec1acbe
-MeTTeMJBNc$_$0,-MeTTeMJBNc,0,vision,Positive,0.333333,9.3,47.0,35.0,50x35,50 equal-duration bins,50.0,1.0,0.0,9.3,ctc,ffmpeg_numpy_35,D:\E_math\DATA\attachment_1_raw_samples\videos\-MeTTeMJBNc\0.mp4,54e2097f7bdb455d243e72254e5af7ed16160739f2f3cfd22f57d2729ec1acbe
-MeTTeMJBNc$_$7,-MeTTeMJBNc,7,text,Positive,1.33333,10.52,35.0,768.0,50x768,50 equal-duration bins,41.0,0.551931,0.540587,9.850703,ctc,transformers:D:\E_math\models\bert-base-uncased,D:\E_math\DATA\attachment_1_raw_samples\videos\-MeTTeMJBNc\7.mp4,40716dc7402fd6398038eded58ce939ec76be6afbeea346b968bf4c427088f3a
-MeTTeMJBNc$_$7,-MeTTeMJBNc,7,audio,Positive,1.33333,10.52,1039.0,74.0,50x74,50 equal-duration bins,50.0,0.989068,0.0,10.405,ctc,ffmpeg_numpy_74,D:\E_math\DATA\attachment_1_raw_samples\videos\-MeTTeMJBNc\7.mp4,40716dc7402fd6398038eded58ce939ec76be6afbeea346b968bf4c427088f3a
-MeTTeMJBNc$_$7,-MeTTeMJBNc,7,vision,Positive,1.33333,10.52,53.0,35.0,50x35,50 equal-duration bins,50.0,1.0,0.0,10.52,ctc,ffmpeg_numpy_35,D:\E_math\DATA\attachment_1_raw_samples\videos\-MeTTeMJBNc\7.mp4,40716dc7402fd6398038eded58ce939ec76be6afbeea346b968bf4c427088f3a
-MeTTeMJBNc$_$13,-MeTTeMJBNc,13,text,Positive,0.333333,5.43,18.0,768.0,50x768,50 equal-duration bins,33.0,0.465461,0.120355,4.834258,ctc,transformers:D:\E_math\models\bert-base-uncased,D:\E_math\DATA\attachment_1_raw_samples\videos\-MeTTeMJBNc\13.mp4,80c5d996e5d7b61c58e1fe32d706efcaf80c8c8cddb5c37a5c66d527786c2a44
-MeTTeMJBNc$_$13,-MeTTeMJBNc,13,audio,Positive,0.333333,5.43,524.0,74.0,50x74,50 equal-duration bins,49.0,0.967772,0.0,5.255,ctc,ffmpeg_numpy_74,D:\E_math\DATA\attachment_1_raw_samples\videos\-MeTTeMJBNc\13.mp4,80c5d996e5d7b61c58e1fe32d706efcaf80c8c8cddb5c37a5c66d527786c2a44
-MeTTeMJBNc$_$13,-MeTTeMJBNc,13,vision,Positive,0.333333,5.43,27.0,35.0,50x35,50 equal-duration bins,50.0,1.0,0.0,5.43,ctc,ffmpeg_numpy_35,D:\E_math\DATA\attachment_1_raw_samples\videos\-MeTTeMJBNc\13.mp4,80c5d996e5d7b61c58e1fe32d706efcaf80c8c8cddb5c37a5c66d527786c2a44
-NFrJFQijFE$_$1,-NFrJFQijFE,1,text,Positive,0.333333,5.75,18.0,768.0,50x768,50 equal-duration bins,44.0,0.652612,0.280937,5.638808,ctc,transformers:D:\E_math\models\bert-base-uncased,D:\E_math\DATA\attachment_1_raw_samples\videos\-NFrJFQijFE\1.mp4,d8fcf16c6eb51c56947ec3d0549c6f3bc7a0cf1fc5f5d89e8b38d4249a08db4f
-NFrJFQijFE$_$1,-NFrJFQijFE,1,audio,Positive,0.333333,5.75,564.0,74.0,50x74,50 equal-duration bins,50.0,0.983478,0.0,5.655,ctc,ffmpeg_numpy_74,D:\E_math\DATA\attachment_1_raw_samples\videos\-NFrJFQijFE\1.mp4,d8fcf16c6eb51c56947ec3d0549c6f3bc7a0cf1fc5f5d89e8b38d4249a08db4f
-NFrJFQijFE$_$1,-NFrJFQijFE,1,vision,Positive,0.333333,5.75,29.0,35.0,50x35,50 equal-duration bins,50.0,1.0,0.0,5.75,ctc,ffmpeg_numpy_35,D:\E_math\DATA\attachment_1_raw_samples\videos\-NFrJFQijFE\1.mp4,d8fcf16c6eb51c56947ec3d0549c6f3bc7a0cf1fc5f5d89e8b38d4249a08db4f
-NFrJFQijFE$_$2,-NFrJFQijFE,2,text,Neutral,0.0,6.86,20.0,768.0,50x768,50 equal-duration bins,41.0,0.61977,0.661809,6.678257,ctc,transformers:D:\E_math\models\bert-base-uncased,D:\E_math\DATA\attachment_1_raw_samples\videos\-NFrJFQijFE\2.mp4,a54a5c144a64f5abd26b19aafa6cea8142ee08e9385fa508fa70c934f6b616c1
-NFrJFQijFE$_$2,-NFrJFQijFE,2,audio,Neutral,0.0,6.86,668.0,74.0,50x74,50 equal-duration bins,49.0,0.975948,0.0,6.695,ctc,ffmpeg_numpy_74,D:\E_math\DATA\attachment_1_raw_samples\videos\-NFrJFQijFE\2.mp4,a54a5c144a64f5abd26b19aafa6cea8142ee08e9385fa508fa70c934f6b616c1
-NFrJFQijFE$_$2,-NFrJFQijFE,2,vision,Neutral,0.0,6.86,34.0,35.0,50x35,50 equal-duration bins,50.0,1.0,0.0,6.86,ctc,ffmpeg_numpy_35,D:\E_math\DATA\attachment_1_raw_samples\videos\-NFrJFQijFE\2.mp4,a54a5c144a64f5abd26b19aafa6cea8142ee08e9385fa508fa70c934f6b616c1
-RfYyzHpjk4$_$2,-RfYyzHpjk4,2,text,Positive,0.333333,5.52,31.0,768.0,50x768,50 equal-duration bins,40.0,0.555565,0.501098,5.271549,ctc,transformers:D:\E_math\models\bert-base-uncased,D:\E_math\DATA\attachment_1_raw_samples\videos\-RfYyzHpjk4\2.mp4,5e428ee22de58c9d6561b9b4353bef9dfb811a5841d9ab07b5bc453d697ad17f
-RfYyzHpjk4$_$2,-RfYyzHpjk4,2,audio,Positive,0.333333,5.52,537.0,74.0,50x74,50 equal-duration bins,49.0,0.975543,0.0,5.385,ctc,ffmpeg_numpy_74,D:\E_math\DATA\attachment_1_raw_samples\videos\-RfYyzHpjk4\2.mp4,5e428ee22de58c9d6561b9b4353bef9dfb811a5841d9ab07b5bc453d697ad17f
-RfYyzHpjk4$_$2,-RfYyzHpjk4,2,vision,Positive,0.333333,5.52,28.0,35.0,50x35,50 equal-duration bins,50.0,1.0,0.0,5.52,ctc,ffmpeg_numpy_35,D:\E_math\DATA\attachment_1_raw_samples\videos\-RfYyzHpjk4\2.mp4,5e428ee22de58c9d6561b9b4353bef9dfb811a5841d9ab07b5bc453d697ad17f
-RfYyzHpjk4$_$8,-RfYyzHpjk4,8,text,Positive,0.333333,4.59,23.0,768.0,50x768,50 equal-duration bins,38.0,0.5112,0.481314,3.950787,ctc,transformers:D:\E_math\models\bert-base-uncased,D:\E_math\DATA\attachment_1_raw_samples\videos\-RfYyzHpjk4\8.mp4,ed8c672c532b8c7d1c830c82d6e2c14fcb3bbd3dc1a86670a03a6c8e83c02f3c
-RfYyzHpjk4$_$8,-RfYyzHpjk4,8,audio,Positive,0.333333,4.59,451.0,74.0,50x74,50 equal-duration bins,50.0,0.985839,0.0,4.525,ctc,ffmpeg_numpy_74,D:\E_math\DATA\attachment_1_raw_samples\videos\-RfYyzHpjk4\8.mp4,ed8c672c532b8c7d1c830c82d6e2c14fcb3bbd3dc1a86670a03a6c8e83c02f3c
-RfYyzHpjk4$_$8,-RfYyzHpjk4,8,vision,Positive,0.333333,4.59,23.0,35.0,50x35,50 equal-duration bins,50.0,1.0,0.0,4.59,ctc,ffmpeg_numpy_35,D:\E_math\DATA\attachment_1_raw_samples\videos\-RfYyzHpjk4\8.mp4,ed8c672c532b8c7d1c830c82d6e2c14fcb3bbd3dc1a86670a03a6c8e83c02f3c
-RfYyzHpjk4$_$11,-RfYyzHpjk4,11,text,Positive,2.0,5.24,21.0,768.0,50x768,50 equal-duration bins,34.0,0.478502,0.561646,4.513229,ctc,transformers:D:\E_math\models\bert-base-uncased,D:\E_math\DATA\attachment_1_raw_samples\videos\-RfYyzHpjk4\11.mp4,96e481cd732001239639c8cb4e7f94e570925e5a15940920ffab0cec1f13f904
-RfYyzHpjk4$_$11,-RfYyzHpjk4,11,audio,Positive,2.0,5.24,505.0,74.0,50x74,50 equal-duration bins,49.0,0.966603,0.0,5.065,ctc,ffmpeg_numpy_74,D:\E_math\DATA\attachment_1_raw_samples\videos\-RfYyzHpjk4\11.mp4,96e481cd732001239639c8cb4e7f94e570925e5a15940920ffab0cec1f13f904
-RfYyzHpjk4$_$11,-RfYyzHpjk4,11,vision,Positive,2.0,5.24,26.0,35.0,50x35,50 equal-duration bins,50.0,1.0,0.0,5.24,ctc,ffmpeg_numpy_35,D:\E_math\DATA\attachment_1_raw_samples\videos\-RfYyzHpjk4\11.mp4,96e481cd732001239639c8cb4e7f94e570925e5a15940920ffab0cec1f13f904
-THoVjtIkeU$_$2,-THoVjtIkeU,2,text,Positive,1.33333,4.29,13.0,768.0,50x768,50 equal-duration bins,35.0,0.514142,0.040103,3.709535,ctc,transformers:D:\E_math\models\bert-base-uncased,D:\E_math\DATA\attachment_1_raw_samples\videos\-THoVjtIkeU\2.mp4,35a6c2464ffd68dd96411edb5dc2763f0efb59f264c1d8b737e616fa6b0d1d5b
-THoVjtIkeU$_$2,-THoVjtIkeU,2,audio,Positive,1.33333,4.29,421.0,74.0,50x74,50 equal-duration bins,50.0,0.984848,0.0,4.225,ctc,ffmpeg_numpy_74,D:\E_math\DATA\attachment_1_raw_samples\videos\-THoVjtIkeU\2.mp4,35a6c2464ffd68dd96411edb5dc2763f0efb59f264c1d8b737e616fa6b0d1d5b
-THoVjtIkeU$_$2,-THoVjtIkeU,2,vision,Positive,1.33333,4.29,21.0,35.0,50x35,50 equal-duration bins,50.0,1.0,0.0,4.29,ctc,ffmpeg_numpy_35,D:\E_math\DATA\attachment_1_raw_samples\videos\-THoVjtIkeU\2.mp4,35a6c2464ffd68dd96411edb5dc2763f0efb59f264c1d8b737e616fa6b0d1d5b
-THoVjtIkeU$_$6,-THoVjtIkeU,6,text,Positive,2.66667,8.1,34.0,768.0,50x768,50 equal-duration bins,41.0,0.539818,0.481379,7.561668,ctc,transformers:D:\E_math\models\bert-base-uncased,D:\E_math\DATA\attachment_1_raw_samples\videos\-THoVjtIkeU\6.mp4,efaa55ee6394032c867046690a92c29edfd825005f0a090cca5ccb763b227f64
-THoVjtIkeU$_$6,-THoVjtIkeU,6,audio,Positive,2.66667,8.1,796.0,74.0,50x74,50 equal-duration bins,50.0,0.984568,0.0,7.975,ctc,ffmpeg_numpy_74,D:\E_math\DATA\attachment_1_raw_samples\videos\-THoVjtIkeU\6.mp4,efaa55ee6394032c867046690a92c29edfd825005f0a090cca5ccb763b227f64
-THoVjtIkeU$_$6,-THoVjtIkeU,6,vision,Positive,2.66667,8.1,40.0,35.0,50x35,50 equal-duration bins,50.0,1.0,0.0,8.1,ctc,ffmpeg_numpy_35,D:\E_math\DATA\attachment_1_raw_samples\videos\-THoVjtIkeU\6.mp4,efaa55ee6394032c867046690a92c29edfd825005f0a090cca5ccb763b227f64
-THoVjtIkeU$_$12,-THoVjtIkeU,12,text,Positive,2.0,14.9,44.0,768.0,50x768,50 equal-duration bins,44.0,0.592169,0.0,14.125307,ctc,transformers:D:\E_math\models\bert-base-uncased,D:\E_math\DATA\attachment_1_raw_samples\videos\-THoVjtIkeU\12.mp4,e2f148f4f2e74724dc13b3ce870a0ce6a06740cfc224f5a9b3d0a870b196e7d4
-THoVjtIkeU$_$12,-THoVjtIkeU,12,audio,Positive,2.0,14.9,1479.0,74.0,50x74,50 equal-duration bins,50.0,0.993624,0.0,14.805,ctc,ffmpeg_numpy_74,D:\E_math\DATA\attachment_1_raw_samples\videos\-THoVjtIkeU\12.mp4,e2f148f4f2e74724dc13b3ce870a0ce6a06740cfc224f5a9b3d0a870b196e7d4
-THoVjtIkeU$_$12,-THoVjtIkeU,12,vision,Positive,2.0,14.9,74.0,35.0,50x35,50 equal-duration bins,50.0,1.0,0.0,14.9,ctc,ffmpeg_numpy_35,D:\E_math\DATA\attachment_1_raw_samples\videos\-THoVjtIkeU\12.mp4,e2f148f4f2e74724dc13b3ce870a0ce6a06740cfc224f5a9b3d0a870b196e7d4
-UUCSKoHeMA$_$0,-UUCSKoHeMA,0,text,Neutral,0.0,7.8,25.0,768.0,50x768,50 equal-duration bins,34.0,0.467407,1.442285,7.191393,ctc,transformers:D:\E_math\models\bert-base-uncased,D:\E_math\DATA\attachment_1_raw_samples\videos\-UUCSKoHeMA\0.mp4,3f9792888ec8e969f61cfb6cb4de7bdf7ef8944afe0a9d2a9d13586e1f13b898
-UUCSKoHeMA$_$0,-UUCSKoHeMA,0,audio,Neutral,0.0,7.8,771.0,74.0,50x74,50 equal-duration bins,50.0,0.990385,0.0,7.725,ctc,ffmpeg_numpy_74,D:\E_math\DATA\attachment_1_raw_samples\videos\-UUCSKoHeMA\0.mp4,3f9792888ec8e969f61cfb6cb4de7bdf7ef8944afe0a9d2a9d13586e1f13b898
-UUCSKoHeMA$_$0,-UUCSKoHeMA,0,vision,Neutral,0.0,7.8,39.0,35.0,50x35,50 equal-duration bins,50.0,1.0,0.0,7.8,ctc,ffmpeg_numpy_35,D:\E_math\DATA\attachment_1_raw_samples\videos\-UUCSKoHeMA\0.mp4,3f9792888ec8e969f61cfb6cb4de7bdf7ef8944afe0a9d2a9d13586e1f13b898
-UacrmKiTn4$_$4,-UacrmKiTn4,4,text,Negative,-1.33333,4.74,17.0,768.0,50x768,50 equal-duration bins,39.0,0.559584,0.542542,4.099207,ctc,transformers:D:\E_math\models\bert-base-uncased,D:\E_math\DATA\attachment_1_raw_samples\videos\-UacrmKiTn4\4.mp4,a7f2ab0d6ee2e2a2d5cd4239f03e6cac67c618ddb744891323df3ff87e29af84
-UacrmKiTn4$_$4,-UacrmKiTn4,4,audio,Negative,-1.33333,4.74,466.0,74.0,50x74,50 equal-duration bins,50.0,0.986287,0.0,4.675,ctc,ffmpeg_numpy_74,D:\E_math\DATA\attachment_1_raw_samples\videos\-UacrmKiTn4\4.mp4,a7f2ab0d6ee2e2a2d5cd4239f03e6cac67c618ddb744891323df3ff87e29af84
-UacrmKiTn4$_$4,-UacrmKiTn4,4,vision,Negative,-1.33333,4.74,24.0,35.0,50x35,50 equal-duration bins,50.0,1.0,0.0,4.74,ctc,ffmpeg_numpy_35,D:\E_math\DATA\attachment_1_raw_samples\videos\-UacrmKiTn4\4.mp4,a7f2ab0d6ee2e2a2d5cd4239f03e6cac67c618ddb744891323df3ff87e29af84
-UacrmKiTn4$_$10,-UacrmKiTn4,10,text,Negative,-0.666667,7.36,24.0,768.0,50x768,50 equal-duration bins,37.0,0.482448,0.521589,6.700412,ctc,transformers:D:\E_math\models\bert-base-uncased,D:\E_math\DATA\attachment_1_raw_samples\videos\-UacrmKiTn4\10.mp4,00312e0602dbeac970de5d7dd0e8a970e514fe45d7fe6625b4f454b299e36360
-UacrmKiTn4$_$10,-UacrmKiTn4,10,audio,Negative,-0.666667,7.36,722.0,74.0,50x74,50 equal-duration bins,50.0,0.983016,0.0,7.235,ctc,ffmpeg_numpy_74,D:\E_math\DATA\attachment_1_raw_samples\videos\-UacrmKiTn4\10.mp4,00312e0602dbeac970de5d7dd0e8a970e514fe45d7fe6625b4f454b299e36360
-UacrmKiTn4$_$10,-UacrmKiTn4,10,vision,Negative,-0.666667,7.36,37.0,35.0,50x35,50 equal-duration bins,50.0,1.0,0.0,7.36,ctc,ffmpeg_numpy_35,D:\E_math\DATA\attachment_1_raw_samples\videos\-UacrmKiTn4\10.mp4,00312e0602dbeac970de5d7dd0e8a970e514fe45d7fe6625b4f454b299e36360
-UuX1xuaiiE$_$0,-UuX1xuaiiE,0,text,Positive,2.66667,3.63,14.0,768.0,50x768,50 equal-duration bins,39.0,0.636434,0.040178,2.993289,ctc,transformers:D:\E_math\models\bert-base-uncased,D:\E_math\DATA\attachment_1_raw_samples\videos\-UuX1xuaiiE\0.mp4,f578b305d53bc152702f5e771de0fcd12d1e9aaefc5cefce3d2082a417aab7c8
-UuX1xuaiiE$_$0,-UuX1xuaiiE,0,audio,Positive,2.66667,3.63,356.0,74.0,50x74,50 equal-duration bins,50.0,0.984848,0.0,3.575,ctc,ffmpeg_numpy_74,D:\E_math\DATA\attachment_1_raw_samples\videos\-UuX1xuaiiE\0.mp4,f578b305d53bc152702f5e771de0fcd12d1e9aaefc5cefce3d2082a417aab7c8
-UuX1xuaiiE$_$0,-UuX1xuaiiE,0,vision,Positive,2.66667,3.63,19.0,35.0,50x35,50 equal-duration bins,50.0,1.0,0.0,3.63,ctc,ffmpeg_numpy_35,D:\E_math\DATA\attachment_1_raw_samples\videos\-UuX1xuaiiE\0.mp4,f578b305d53bc152702f5e771de0fcd12d1e9aaefc5cefce3d2082a417aab7c8
-UuX1xuaiiE$_$1,-UuX1xuaiiE,1,text,Positive,1.66667,10.35,35.0,768.0,50x768,50 equal-duration bins,39.0,0.485379,0.460336,9.727105,ctc,transformers:D:\E_math\models\bert-base-uncased,D:\E_math\DATA\attachment_1_raw_samples\videos\-UuX1xuaiiE\1.mp4,d5bbda38fcec15817d2b87bab5dcc559d6d425f7d28a82e6c32d13f14b48650c
-UuX1xuaiiE$_$1,-UuX1xuaiiE,1,audio,Positive,1.66667,10.35,1025.0,74.0,50x74,50 equal-duration bins,50.0,0.991787,0.0,10.265,ctc,ffmpeg_numpy_74,D:\E_math\DATA\attachment_1_raw_samples\videos\-UuX1xuaiiE\1.mp4,d5bbda38fcec15817d2b87bab5dcc559d6d425f7d28a82e6c32d13f14b48650c
-UuX1xuaiiE$_$1,-UuX1xuaiiE,1,vision,Positive,1.66667,10.35,52.0,35.0,50x35,50 equal-duration bins,50.0,1.0,0.0,10.35,ctc,ffmpeg_numpy_35,D:\E_math\DATA\attachment_1_raw_samples\videos\-UuX1xuaiiE\1.mp4,d5bbda38fcec15817d2b87bab5dcc559d6d425f7d28a82e6c32d13f14b48650c
-UuX1xuaiiE$_$3,-UuX1xuaiiE,3,text,Positive,0.333333,4.13,11.0,768.0,50x768,50 equal-duration bins,29.0,0.418369,0.56256,3.656638,ctc,transformers:D:\E_math\models\bert-base-uncased,D:\E_math\DATA\attachment_1_raw_samples\videos\-UuX1xuaiiE\3.mp4,eddb408f25bdc13e6de2fb74caeed709cb7a8f00640e7897135330437f66a2aa
-UuX1xuaiiE$_$3,-UuX1xuaiiE,3,audio,Positive,0.333333,4.13,402.0,74.0,50x74,50 equal-duration bins,49.0,0.976998,0.0,4.035,ctc,ffmpeg_numpy_74,D:\E_math\DATA\attachment_1_raw_samples\videos\-UuX1xuaiiE\3.mp4,eddb408f25bdc13e6de2fb74caeed709cb7a8f00640e7897135330437f66a2aa
-UuX1xuaiiE$_$3,-UuX1xuaiiE,3,vision,Positive,0.333333,4.13,21.0,35.0,50x35,50 equal-duration bins,50.0,1.0,0.0,4.13,ctc,ffmpeg_numpy_35,D:\E_math\DATA\attachment_1_raw_samples\videos\-UuX1xuaiiE\3.mp4,eddb408f25bdc13e6de2fb74caeed709cb7a8f00640e7897135330437f66a2aa
-UuX1xuaiiE$_$6,-UuX1xuaiiE,6,text,Negative,-0.333333,8.11,25.0,768.0,50x768,50 equal-duration bins,37.0,0.526857,0.581744,7.321949,ctc,transformers:D:\E_math\models\bert-base-uncased,D:\E_math\DATA\attachment_1_raw_samples\videos\-UuX1xuaiiE\6.mp4,f0131ac00e44410fbd32c547a0d421c2791172434fc0203bb969abe14a530532
-UuX1xuaiiE$_$6,-UuX1xuaiiE,6,audio,Negative,-0.333333,8.11,792.0,74.0,50x74,50 equal-duration bins,49.0,0.978422,0.0,7.935,ctc,ffmpeg_numpy_74,D:\E_math\DATA\attachment_1_raw_samples\videos\-UuX1xuaiiE\6.mp4,f0131ac00e44410fbd32c547a0d421c2791172434fc0203bb969abe14a530532
-UuX1xuaiiE$_$6,-UuX1xuaiiE,6,vision,Negative,-0.333333,8.11,41.0,35.0,50x35,50 equal-duration bins,50.0,1.0,0.0,8.11,ctc,ffmpeg_numpy_35,D:\E_math\DATA\attachment_1_raw_samples\videos\-UuX1xuaiiE\6.mp4,f0131ac00e44410fbd32c547a0d421c2791172434fc0203bb969abe14a530532
-a55Q6RWvTA$_$3,-a55Q6RWvTA,3,text,Positive,0.666667,22.15,50.0,768.0,50x768,50 equal-duration bins,37.0,0.38596,0.760803,21.602806,ctc,transformers:D:\E_math\models\bert-base-uncased,D:\E_math\DATA\attachment_1_raw_samples\videos\-a55Q6RWvTA\3.mp4,15d029fc15f50b268b98f1e8abc65e45582e638c13a018d7aa74a18373275946
-a55Q6RWvTA$_$3,-a55Q6RWvTA,3,audio,Positive,0.666667,22.15,2206.0,74.0,50x74,50 equal-duration bins,50.0,0.996614,0.0,22.075001,ctc,ffmpeg_numpy_74,D:\E_math\DATA\attachment_1_raw_samples\videos\-a55Q6RWvTA\3.mp4,15d029fc15f50b268b98f1e8abc65e45582e638c13a018d7aa74a18373275946
-a55Q6RWvTA$_$3,-a55Q6RWvTA,3,vision,Positive,0.666667,22.15,111.0,35.0,50x35,50 equal-duration bins,50.0,1.0,0.0,22.15,ctc,ffmpeg_numpy_35,D:\E_math\DATA\attachment_1_raw_samples\videos\-a55Q6RWvTA\3.mp4,15d029fc15f50b268b98f1e8abc65e45582e638c13a018d7aa74a18373275946
-aNfi7CP8vM$_$7,-aNfi7CP8vM,7,text,Neutral,0.0,8.69,25.0,768.0,50x768,50 equal-duration bins,37.0,0.574262,0.561163,7.876318,ctc,transformers:D:\E_math\models\bert-base-uncased,D:\E_math\DATA\attachment_1_raw_samples\videos\-aNfi7CP8vM\7.mp4,0b6389f45bb966113c65a11998c6e7facdd24c8c42acf2e8cf32e0f2139402e1
-aNfi7CP8vM$_$7,-aNfi7CP8vM,7,audio,Neutral,0.0,8.69,852.0,74.0,50x74,50 equal-duration bins,50.0,0.982163,0.0,8.535,ctc,ffmpeg_numpy_74,D:\E_math\DATA\attachment_1_raw_samples\videos\-aNfi7CP8vM\7.mp4,0b6389f45bb966113c65a11998c6e7facdd24c8c42acf2e8cf32e0f2139402e1
-aNfi7CP8vM$_$7,-aNfi7CP8vM,7,vision,Neutral,0.0,8.69,43.0,35.0,50x35,50 equal-duration bins,50.0,1.0,0.0,8.69,ctc,ffmpeg_numpy_35,D:\E_math\DATA\attachment_1_raw_samples\videos\-aNfi7CP8vM\7.mp4,0b6389f45bb966113c65a11998c6e7facdd24c8c42acf2e8cf32e0f2139402e1
-aqamKhZ1Ec$_$0,-aqamKhZ1Ec,0,text,Negative,-2.0,10.97,18.0,768.0,50x768,50 equal-duration bins,44.0,0.693447,0.100094,10.409738,ctc,transformers:D:\E_math\models\bert-base-uncased,D:\E_math\DATA\attachment_1_raw_samples\videos\-aqamKhZ1Ec\0.mp4,6f6e674bbba4353399e9e7825217f37e6d8ca1adf9675f33cf37106f31c55548
-aqamKhZ1Ec$_$0,-aqamKhZ1Ec,0,audio,Negative,-2.0,10.97,1087.0,74.0,50x74,50 equal-duration bins,50.0,0.992252,0.0,10.885,ctc,ffmpeg_numpy_74,D:\E_math\DATA\attachment_1_raw_samples\videos\-aqamKhZ1Ec\0.mp4,6f6e674bbba4353399e9e7825217f37e6d8ca1adf9675f33cf37106f31c55548
-aqamKhZ1Ec$_$0,-aqamKhZ1Ec,0,vision,Negative,-2.0,10.97,55.0,35.0,50x35,50 equal-duration bins,50.0,1.0,0.0,10.97,ctc,ffmpeg_numpy_35,D:\E_math\DATA\attachment_1_raw_samples\videos\-aqamKhZ1Ec\0.mp4,6f6e674bbba4353399e9e7825217f37e6d8ca1adf9675f33cf37106f31c55548
-dxfTGcXJoc$_$0,-dxfTGcXJoc,0,text,Positive,1.0,20.5,50.0,768.0,50x768,50 equal-duration bins,40.0,0.474387,0.580295,19.79006,ctc,transformers:D:\E_math\models\bert-base-uncased,D:\E_math\DATA\attachment_1_raw_samples\videos\-dxfTGcXJoc\0.mp4,04bd0be907fb46c613f926fe1b06bc2c3b30881c293156510baa34a4105ade55
-dxfTGcXJoc$_$0,-dxfTGcXJoc,0,audio,Positive,1.0,20.5,2039.0,74.0,50x74,50 equal-duration bins,50.0,0.995366,0.0,20.405001,ctc,ffmpeg_numpy_74,D:\E_math\DATA\attachment_1_raw_samples\videos\-dxfTGcXJoc\0.mp4,04bd0be907fb46c613f926fe1b06bc2c3b30881c293156510baa34a4105ade55
-dxfTGcXJoc$_$0,-dxfTGcXJoc,0,vision,Positive,1.0,20.5,103.0,35.0,50x35,50 equal-duration bins,50.0,1.0,0.0,20.5,ctc,ffmpeg_numpy_35,D:\E_math\DATA\attachment_1_raw_samples\videos\-dxfTGcXJoc\0.mp4,04bd0be907fb46c613f926fe1b06bc2c3b30881c293156510baa34a4105ade55
-dxfTGcXJoc$_$1,-dxfTGcXJoc,1,text,Positive,1.66667,16.16,44.0,768.0,50x768,50 equal-duration bins,46.0,0.57243,0.500566,15.457491,ctc,transformers:D:\E_math\models\bert-base-uncased,D:\E_math\DATA\attachment_1_raw_samples\videos\-dxfTGcXJoc\1.mp4,b5ffdc98a4a98b8f0aae55dee5fed66a43bcb129f47a250a004c1cc74e572595
-dxfTGcXJoc$_$1,-dxfTGcXJoc,1,audio,Positive,1.66667,16.16,1600.0,74.0,50x74,50 equal-duration bins,50.0,0.991027,0.0,16.014999,ctc,ffmpeg_numpy_74,D:\E_math\DATA\attachment_1_raw_samples\videos\-dxfTGcXJoc\1.mp4,b5ffdc98a4a98b8f0aae55dee5fed66a43bcb129f47a250a004c1cc74e572595
-dxfTGcXJoc$_$1,-dxfTGcXJoc,1,vision,Positive,1.66667,16.16,81.0,35.0,50x35,50 equal-duration bins,50.0,1.0,0.0,16.16,ctc,ffmpeg_numpy_35,D:\E_math\DATA\attachment_1_raw_samples\videos\-dxfTGcXJoc\1.mp4,b5ffdc98a4a98b8f0aae55dee5fed66a43bcb129f47a250a004c1cc74e572595
-dxfTGcXJoc$_$2,-dxfTGcXJoc,2,text,Positive,0.666667,16.7,42.0,768.0,50x768,50 equal-duration bins,43.0,0.570512,0.560444,16.012695,ctc,transformers:D:\E_math\models\bert-base-uncased,D:\E_math\DATA\attachment_1_raw_samples\videos\-dxfTGcXJoc\2.mp4,46a5e523b5dd00364c99a3bcbc6fae4c80e1382a84b5b5e681c46eb074ed10f7
-dxfTGcXJoc$_$2,-dxfTGcXJoc,2,audio,Positive,0.666667,16.7,1661.0,74.0,50x74,50 equal-duration bins,50.0,0.995509,0.0,16.625,ctc,ffmpeg_numpy_74,D:\E_math\DATA\attachment_1_raw_samples\videos\-dxfTGcXJoc\2.mp4,46a5e523b5dd00364c99a3bcbc6fae4c80e1382a84b5b5e681c46eb074ed10f7
-dxfTGcXJoc$_$2,-dxfTGcXJoc,2,vision,Positive,0.666667,16.7,83.0,35.0,50x35,50 equal-duration bins,50.0,1.0,0.0,16.700001,ctc,ffmpeg_numpy_35,D:\E_math\DATA\attachment_1_raw_samples\videos\-dxfTGcXJoc\2.mp4,46a5e523b5dd00364c99a3bcbc6fae4c80e1382a84b5b5e681c46eb074ed10f7
-dxfTGcXJoc$_$6,-dxfTGcXJoc,6,text,Positive,0.666667,12.74,34.0,768.0,50x768,50 equal-duration bins,45.0,0.633076,0.420281,12.068063,ctc,transformers:D:\E_math\models\bert-base-uncased,D:\E_math\DATA\attachment_1_raw_samples\videos\-dxfTGcXJoc\6.mp4,55c1ff86729ab21da743a5107ed07b220e41b4193cd1c0ba9f009e65c3ab0513
-dxfTGcXJoc$_$6,-dxfTGcXJoc,6,audio,Positive,0.666667,12.74,1261.0,74.0,50x74,50 equal-duration bins,50.0,0.990973,0.0,12.625,ctc,ffmpeg_numpy_74,D:\E_math\DATA\attachment_1_raw_samples\videos\-dxfTGcXJoc\6.mp4,55c1ff86729ab21da743a5107ed07b220e41b4193cd1c0ba9f009e65c3ab0513
-dxfTGcXJoc$_$6,-dxfTGcXJoc,6,vision,Positive,0.666667,12.74,64.0,35.0,50x35,50 equal-duration bins,50.0,1.0,0.0,12.74,ctc,ffmpeg_numpy_35,D:\E_math\DATA\attachment_1_raw_samples\videos\-dxfTGcXJoc\6.mp4,55c1ff86729ab21da743a5107ed07b220e41b4193cd1c0ba9f009e65c3ab0513
-egA8-b7-3M$_$1,-egA8-b7-3M,1,text,Positive,0.666667,10.27,24.0,768.0,50x768,50 equal-duration bins,34.0,0.489586,0.080128,9.475161,ctc,transformers:D:\E_math\models\bert-base-uncased,D:\E_math\DATA\attachment_1_raw_samples\videos\-egA8-b7-3M\1.mp4,589a7989b1b4888568c31614a2d6beefba88fb87289c85b94df2d8051500403b
-egA8-b7-3M$_$1,-egA8-b7-3M,1,audio,Positive,0.666667,10.27,1014.0,74.0,50x74,50 equal-duration bins,50.0,0.988802,0.0,10.155,ctc,ffmpeg_numpy_74,D:\E_math\DATA\attachment_1_raw_samples\videos\-egA8-b7-3M\1.mp4,589a7989b1b4888568c31614a2d6beefba88fb87289c85b94df2d8051500403b
-egA8-b7-3M$_$1,-egA8-b7-3M,1,vision,Positive,0.666667,10.27,51.0,35.0,50x35,50 equal-duration bins,50.0,1.0,0.0,10.27,ctc,ffmpeg_numpy_35,D:\E_math\DATA\attachment_1_raw_samples\videos\-egA8-b7-3M\1.mp4,589a7989b1b4888568c31614a2d6beefba88fb87289c85b94df2d8051500403b
-egA8-b7-3M$_$6,-egA8-b7-3M,6,text,Positive,0.666667,6.26,15.0,768.0,50x768,50 equal-duration bins,38.0,0.564411,0.521952,5.400197,ctc,transformers:D:\E_math\models\bert-base-uncased,D:\E_math\DATA\attachment_1_raw_samples\videos\-egA8-b7-3M\6.mp4,2e88a00d5e55863aa956b4b0949fc0e4f2975ccfd83b3194957f6fca86ecfce0
-egA8-b7-3M$_$6,-egA8-b7-3M,6,audio,Positive,0.666667,6.26,616.0,74.0,50x74,50 equal-duration bins,50.0,0.986422,0.0,6.175,ctc,ffmpeg_numpy_74,D:\E_math\DATA\attachment_1_raw_samples\videos\-egA8-b7-3M\6.mp4,2e88a00d5e55863aa956b4b0949fc0e4f2975ccfd83b3194957f6fca86ecfce0
-egA8-b7-3M$_$6,-egA8-b7-3M,6,vision,Positive,0.666667,6.26,31.0,35.0,50x35,50 equal-duration bins,50.0,1.0,0.0,6.26,ctc,ffmpeg_numpy_35,D:\E_math\DATA\attachment_1_raw_samples\videos\-egA8-b7-3M\6.mp4,2e88a00d5e55863aa956b4b0949fc0e4f2975ccfd83b3194957f6fca86ecfce0
-egA8-b7-3M$_$9,-egA8-b7-3M,9,text,Positive,0.333333,5.09,14.0,768.0,50x768,50 equal-duration bins,36.0,0.547959,0.561835,4.314093,ctc,transformers:D:\E_math\models\bert-base-uncased,D:\E_math\DATA\attachment_1_raw_samples\videos\-egA8-b7-3M\9.mp4,bcd643f328616312eae9b28e6c9aabbe8acaec3e4c4be58daeb45e3eee4d973c
-egA8-b7-3M$_$9,-egA8-b7-3M,9,audio,Positive,0.333333,5.09,492.0,74.0,50x74,50 equal-duration bins,49.0,0.969548,0.0,4.935,ctc,ffmpeg_numpy_74,D:\E_math\DATA\attachment_1_raw_samples\videos\-egA8-b7-3M\9.mp4,bcd643f328616312eae9b28e6c9aabbe8acaec3e4c4be58daeb45e3eee4d973c
-egA8-b7-3M$_$9,-egA8-b7-3M,9,vision,Positive,0.333333,5.09,25.0,35.0,50x35,50 equal-duration bins,50.0,1.0,0.0,5.09,ctc,ffmpeg_numpy_35,D:\E_math\DATA\attachment_1_raw_samples\videos\-egA8-b7-3M\9.mp4,bcd643f328616312eae9b28e6c9aabbe8acaec3e4c4be58daeb45e3eee4d973c
-egA8-b7-3M$_$13,-egA8-b7-3M,13,text,Positive,0.333333,4.18,18.0,768.0,50x768,50 equal-duration bins,32.0,0.486138,0.523104,3.601368,ctc,transformers:D:\E_math\models\bert-base-uncased,D:\E_math\DATA\attachment_1_raw_samples\videos\-egA8-b7-3M\13.mp4,cbd627c225ebca37521ae238cb9ec254cad236822f4f37ebfbb039e6c56aea4c
-egA8-b7-3M$_$13,-egA8-b7-3M,13,audio,Positive,0.333333,4.18,400.0,74.0,50x74,50 equal-duration bins,49.0,0.960526,0.0,4.015,ctc,ffmpeg_numpy_74,D:\E_math\DATA\attachment_1_raw_samples\videos\-egA8-b7-3M\13.mp4,cbd627c225ebca37521ae238cb9ec254cad236822f4f37ebfbb039e6c56aea4c
-egA8-b7-3M$_$13,-egA8-b7-3M,13,vision,Positive,0.333333,4.18,21.0,35.0,50x35,50 equal-duration bins,50.0,1.0,0.0,4.18,ctc,ffmpeg_numpy_35,D:\E_math\DATA\attachment_1_raw_samples\videos\-egA8-b7-3M\13.mp4,cbd627c225ebca37521ae238cb9ec254cad236822f4f37ebfbb039e6c56aea4c
-egA8-b7-3M$_$16,-egA8-b7-3M,16,text,Positive,0.666667,5.54,15.0,768.0,50x768,50 equal-duration bins,39.0,0.609053,0.482022,4.800136,ctc,transformers:D:\E_math\models\bert-base-uncased,D:\E_math\DATA\attachment_1_raw_samples\videos\-egA8-b7-3M\16.mp4,4c015f85e3bd901ecedde8c0c2ca4a756d9a77dfe4177625c481581f2037ff9c
-egA8-b7-3M$_$16,-egA8-b7-3M,16,audio,Positive,0.666667,5.54,546.0,74.0,50x74,50 equal-duration bins,50.0,0.988267,0.0,5.475,ctc,ffmpeg_numpy_74,D:\E_math\DATA\attachment_1_raw_samples\videos\-egA8-b7-3M\16.mp4,4c015f85e3bd901ecedde8c0c2ca4a756d9a77dfe4177625c481581f2037ff9c
-egA8-b7-3M$_$16,-egA8-b7-3M,16,vision,Positive,0.666667,5.54,28.0,35.0,50x35,50 equal-duration bins,50.0,1.0,0.0,5.54,ctc,ffmpeg_numpy_35,D:\E_math\DATA\attachment_1_raw_samples\videos\-egA8-b7-3M\16.mp4,4c015f85e3bd901ecedde8c0c2ca4a756d9a77dfe4177625c481581f2037ff9c
-egA8-b7-3M$_$17,-egA8-b7-3M,17,text,Positive,0.333333,7.27,21.0,768.0,50x768,50 equal-duration bins,32.0,0.457655,0.621335,6.514001,ctc,transformers:D:\E_math\models\bert-base-uncased,D:\E_math\DATA\attachment_1_raw_samples\videos\-egA8-b7-3M\17.mp4,f967e81e0edd51c3700671721afb3fbecbbc32652f27d2db40ea444e8d80c68f
-egA8-b7-3M$_$17,-egA8-b7-3M,17,audio,Positive,0.333333,7.27,708.0,74.0,50x74,50 equal-duration bins,49.0,0.975928,0.0,7.095,ctc,ffmpeg_numpy_74,D:\E_math\DATA\attachment_1_raw_samples\videos\-egA8-b7-3M\17.mp4,f967e81e0edd51c3700671721afb3fbecbbc32652f27d2db40ea444e8d80c68f
-egA8-b7-3M$_$17,-egA8-b7-3M,17,vision,Positive,0.333333,7.27,36.0,35.0,50x35,50 equal-duration bins,50.0,1.0,0.0,7.27,ctc,ffmpeg_numpy_35,D:\E_math\DATA\attachment_1_raw_samples\videos\-egA8-b7-3M\17.mp4,f967e81e0edd51c3700671721afb3fbecbbc32652f27d2db40ea444e8d80c68f
-egA8-b7-3M$_$18,-egA8-b7-3M,18,text,Positive,1.0,8.39,29.0,768.0,50x768,50 equal-duration bins,38.0,0.534337,0.580399,7.845398,ctc,transformers:D:\E_math\models\bert-base-uncased,D:\E_math\DATA\attachment_1_raw_samples\videos\-egA8-b7-3M\18.mp4,fd4bc95a6adfb16a9588b7ed65cc2812186ce3d607804dc76f4486312951ef90
-egA8-b7-3M$_$18,-egA8-b7-3M,18,audio,Positive,1.0,8.39,825.0,74.0,50x74,50 equal-duration bins,50.0,0.985101,0.0,8.265,ctc,ffmpeg_numpy_74,D:\E_math\DATA\attachment_1_raw_samples\videos\-egA8-b7-3M\18.mp4,fd4bc95a6adfb16a9588b7ed65cc2812186ce3d607804dc76f4486312951ef90
-egA8-b7-3M$_$18,-egA8-b7-3M,18,vision,Positive,1.0,8.39,42.0,35.0,50x35,50 equal-duration bins,50.0,1.0,0.0,8.39,ctc,ffmpeg_numpy_35,D:\E_math\DATA\attachment_1_raw_samples\videos\-egA8-b7-3M\18.mp4,fd4bc95a6adfb16a9588b7ed65cc2812186ce3d607804dc76f4486312951ef90
-egA8-b7-3M$_$20,-egA8-b7-3M,20,text,Positive,0.333333,6.64,26.0,768.0,50x768,50 equal-duration bins,37.0,0.516211,0.581296,5.953275,ctc,transformers:D:\E_math\models\bert-base-uncased,D:\E_math\DATA\attachment_1_raw_samples\videos\-egA8-b7-3M\20.mp4,719ef133920e74b3ea33925d2bca0270b062199116867568f88ac83cadcd74e8
-egA8-b7-3M$_$20,-egA8-b7-3M,20,audio,Positive,0.333333,6.64,645.0,74.0,50x74,50 equal-duration bins,49.0,0.973645,0.0,6.465,ctc,ffmpeg_numpy_74,D:\E_math\DATA\attachment_1_raw_samples\videos\-egA8-b7-3M\20.mp4,719ef133920e74b3ea33925d2bca0270b062199116867568f88ac83cadcd74e8
-egA8-b7-3M$_$20,-egA8-b7-3M,20,vision,Positive,0.333333,6.64,33.0,35.0,50x35,50 equal-duration bins,50.0,1.0,0.0,6.64,ctc,ffmpeg_numpy_35,D:\E_math\DATA\attachment_1_raw_samples\videos\-egA8-b7-3M\20.mp4,719ef133920e74b3ea33925d2bca0270b062199116867568f88ac83cadcd74e8
-egA8-b7-3M$_$26,-egA8-b7-3M,26,text,Positive,1.66667,6.03,21.0,768.0,50x768,50 equal-duration bins,36.0,0.509231,0.521812,5.218123,ctc,transformers:D:\E_math\models\bert-base-uncased,D:\E_math\DATA\attachment_1_raw_samples\videos\-egA8-b7-3M\26.mp4,11f78aed680ea9c5862a15e04ff6c1f8776c46d29c98b68d28773ff39d959685
-egA8-b7-3M$_$26,-egA8-b7-3M,26,audio,Positive,1.66667,6.03,590.0,74.0,50x74,50 equal-duration bins,50.0,0.980929,0.0,5.915,ctc,ffmpeg_numpy_74,D:\E_math\DATA\attachment_1_raw_samples\videos\-egA8-b7-3M\26.mp4,11f78aed680ea9c5862a15e04ff6c1f8776c46d29c98b68d28773ff39d959685
-egA8-b7-3M$_$26,-egA8-b7-3M,26,vision,Positive,1.66667,6.03,30.0,35.0,50x35,50 equal-duration bins,50.0,1.0,0.0,6.03,ctc,ffmpeg_numpy_35,D:\E_math\DATA\attachment_1_raw_samples\videos\-egA8-b7-3M\26.mp4,11f78aed680ea9c5862a15e04ff6c1f8776c46d29c98b68d28773ff39d959685
-hnBHBN8p5A$_$6,-hnBHBN8p5A,6,text,Positive,1.0,6.4,16.0,768.0,50x768,50 equal-duration bins,30.0,0.413336,0.240487,6.332812,ctc,transformers:D:\E_math\models\bert-base-uncased,D:\E_math\DATA\attachment_1_raw_samples\videos\-hnBHBN8p5A\6.mp4,997f6808ac3973ddd71800e91c8e10755c10b5037186d84348a79e00d672fdc7
-hnBHBN8p5A$_$6,-hnBHBN8p5A,6,audio,Positive,1.0,6.4,631.0,74.0,50x74,50 equal-duration bins,50.0,0.988281,0.0,6.325,ctc,ffmpeg_numpy_74,D:\E_math\DATA\attachment_1_raw_samples\videos\-hnBHBN8p5A\6.mp4,997f6808ac3973ddd71800e91c8e10755c10b5037186d84348a79e00d672fdc7
-hnBHBN8p5A$_$6,-hnBHBN8p5A,6,vision,Positive,1.0,6.4,32.0,35.0,50x35,50 equal-duration bins,50.0,1.0,0.0,6.4,ctc,ffmpeg_numpy_35,D:\E_math\DATA\attachment_1_raw_samples\videos\-hnBHBN8p5A\6.mp4,997f6808ac3973ddd71800e91c8e10755c10b5037186d84348a79e00d672fdc7
-hnBHBN8p5A$_$7,-hnBHBN8p5A,7,text,Positive,0.666667,7.37,19.0,768.0,50x768,50 equal-duration bins,33.0,0.459154,0.280328,7.248492,ctc,transformers:D:\E_math\models\bert-base-uncased,D:\E_math\DATA\attachment_1_raw_samples\videos\-hnBHBN8p5A\7.mp4,0ec6fb76226315d3fafbb483e3500e60cc8a6729617b10e4b4b76163595080fb
-hnBHBN8p5A$_$7,-hnBHBN8p5A,7,audio,Positive,0.666667,7.37,729.0,74.0,50x74,50 equal-duration bins,50.0,0.99118,0.0,7.305,ctc,ffmpeg_numpy_74,D:\E_math\DATA\attachment_1_raw_samples\videos\-hnBHBN8p5A\7.mp4,0ec6fb76226315d3fafbb483e3500e60cc8a6729617b10e4b4b76163595080fb
-hnBHBN8p5A$_$7,-hnBHBN8p5A,7,vision,Positive,0.666667,7.37,37.0,35.0,50x35,50 equal-duration bins,50.0,1.0,0.0,7.37,ctc,ffmpeg_numpy_35,D:\E_math\DATA\attachment_1_raw_samples\videos\-hnBHBN8p5A\7.mp4,0ec6fb76226315d3fafbb483e3500e60cc8a6729617b10e4b4b76163595080fb
-iRBcNs9oI8$_$3,-iRBcNs9oI8,3,text,Positive,0.666667,5.62,11.0,768.0,50x768,50 equal-duration bins,24.0,0.310632,0.902976,5.457985,ctc,transformers:D:\E_math\models\bert-base-uncased,D:\E_math\DATA\attachment_1_raw_samples\videos\-iRBcNs9oI8\3.mp4,39c547acd1a8da2ebc6c6ab008191a5676420398a974cd9611cad087f0ccec50
-iRBcNs9oI8$_$3,-iRBcNs9oI8,3,audio,Positive,0.666667,5.62,552.0,74.0,50x74,50 equal-duration bins,50.0,0.984875,0.0,5.535,ctc,ffmpeg_numpy_74,D:\E_math\DATA\attachment_1_raw_samples\videos\-iRBcNs9oI8\3.mp4,39c547acd1a8da2ebc6c6ab008191a5676420398a974cd9611cad087f0ccec50
-iRBcNs9oI8$_$3,-iRBcNs9oI8,3,vision,Positive,0.666667,5.62,28.0,35.0,50x35,50 equal-duration bins,50.0,1.0,0.0,5.62,ctc,ffmpeg_numpy_35,D:\E_math\DATA\attachment_1_raw_samples\videos\-iRBcNs9oI8\3.mp4,39c547acd1a8da2ebc6c6ab008191a5676420398a974cd9611cad087f0ccec50
-iRBcNs9oI8$_$6,-iRBcNs9oI8,6,text,Positive,0.333333,2.9,7.0,768.0,50x768,50 equal-duration bins,19.0,0.284823,0.342482,2.639124,ctc,transformers:D:\E_math\models\bert-base-uncased,D:\E_math\DATA\attachment_1_raw_samples\videos\-iRBcNs9oI8\6.mp4,030b0b8d8d4ae47799432ab71b66fcc881f077c5b0feef892c1f146dc0a592e3
-iRBcNs9oI8$_$6,-iRBcNs9oI8,6,audio,Positive,0.333333,2.9,280.0,74.0,50x74,50 equal-duration bins,49.0,0.97069,0.0,2.815,ctc,ffmpeg_numpy_74,D:\E_math\DATA\attachment_1_raw_samples\videos\-iRBcNs9oI8\6.mp4,030b0b8d8d4ae47799432ab71b66fcc881f077c5b0feef892c1f146dc0a592e3
-iRBcNs9oI8$_$6,-iRBcNs9oI8,6,vision,Positive,0.333333,2.9,14.0,35.0,50x35,50 equal-duration bins,50.0,1.0,0.0,2.9,ctc,ffmpeg_numpy_35,D:\E_math\DATA\attachment_1_raw_samples\videos\-iRBcNs9oI8\6.mp4,030b0b8d8d4ae47799432ab71b66fcc881f077c5b0feef892c1f146dc0a592e3
-iRBcNs9oI8$_$7,-iRBcNs9oI8,7,text,Positive,0.666667,4.1,17.0,768.0,50x768,50 equal-duration bins,40.0,0.644828,0.040057,3.985721,ctc,transformers:D:\E_math\models\bert-base-uncased,D:\E_math\DATA\attachment_1_raw_samples\videos\-iRBcNs9oI8\7.mp4,cc7b1c7a06ec41d72007b5c42fb8036f30b66d5cf76e3f093160c22fc5e38081
-iRBcNs9oI8$_$7,-iRBcNs9oI8,7,audio,Positive,0.666667,4.1,399.0,74.0,50x74,50 equal-duration bins,49.0,0.976829,0.0,4.005,ctc,ffmpeg_numpy_74,D:\E_math\DATA\attachment_1_raw_samples\videos\-iRBcNs9oI8\7.mp4,cc7b1c7a06ec41d72007b5c42fb8036f30b66d5cf76e3f093160c22fc5e38081
-iRBcNs9oI8$_$7,-iRBcNs9oI8,7,vision,Positive,0.666667,4.1,20.0,35.0,50x35,50 equal-duration bins,50.0,1.0,0.0,4.1,ctc,ffmpeg_numpy_35,D:\E_math\DATA\attachment_1_raw_samples\videos\-iRBcNs9oI8\7.mp4,cc7b1c7a06ec41d72007b5c42fb8036f30b66d5cf76e3f093160c22fc5e38081
-iRBcNs9oI8$_$8,-iRBcNs9oI8,8,text,Positive,1.0,8.09,28.0,768.0,50x768,50 equal-duration bins,38.0,0.477493,0.0,8.006047,ctc,transformers:D:\E_math\models\bert-base-uncased,D:\E_math\DATA\attachment_1_raw_samples\videos\-iRBcNs9oI8\8.mp4,72a49e3da2862addcde033bd2fbae957d086533664ca4dcbccd3a851bcd50412
-iRBcNs9oI8$_$8,-iRBcNs9oI8,8,audio,Positive,1.0,8.09,801.0,74.0,50x74,50 equal-duration bins,50.0,0.991965,0.0,8.025,ctc,ffmpeg_numpy_74,D:\E_math\DATA\attachment_1_raw_samples\videos\-iRBcNs9oI8\8.mp4,72a49e3da2862addcde033bd2fbae957d086533664ca4dcbccd3a851bcd50412
-iRBcNs9oI8$_$8,-iRBcNs9oI8,8,vision,Positive,1.0,8.09,40.0,35.0,50x35,50 equal-duration bins,50.0,1.0,0.0,8.09,ctc,ffmpeg_numpy_35,D:\E_math\DATA\attachment_1_raw_samples\videos\-iRBcNs9oI8\8.mp4,72a49e3da2862addcde033bd2fbae957d086533664ca4dcbccd3a851bcd50412
-iRBcNs9oI8$_$9,-iRBcNs9oI8,9,text,Positive,1.33333,3.42,7.0,768.0,50x768,50 equal-duration bins,20.0,0.322984,0.0,2.610882,ctc,transformers:D:\E_math\models\bert-base-uncased,D:\E_math\DATA\attachment_1_raw_samples\videos\-iRBcNs9oI8\9.mp4,352bdcc73d3622d6abac1b09f2039b211d15b9bf7acee66f0b07783c9b7a4c74
-iRBcNs9oI8$_$9,-iRBcNs9oI8,9,audio,Positive,1.33333,3.42,335.0,74.0,50x74,50 equal-duration bins,50.0,0.983918,0.0,3.365,ctc,ffmpeg_numpy_74,D:\E_math\DATA\attachment_1_raw_samples\videos\-iRBcNs9oI8\9.mp4,352bdcc73d3622d6abac1b09f2039b211d15b9bf7acee66f0b07783c9b7a4c74
-iRBcNs9oI8$_$9,-iRBcNs9oI8,9,vision,Positive,1.33333,3.42,17.0,35.0,50x35,50 equal-duration bins,50.0,1.0,0.0,3.42,ctc,ffmpeg_numpy_35,D:\E_math\DATA\attachment_1_raw_samples\videos\-iRBcNs9oI8\9.mp4,352bdcc73d3622d6abac1b09f2039b211d15b9bf7acee66f0b07783c9b7a4c74
-lzEya4AM_4$_$5,-lzEya4AM_4,5,text,Negative,-0.666667,7.68,23.0,768.0,50x768,50 equal-duration bins,35.0,0.479781,0.520666,7.049021,ctc,transformers:D:\E_math\models\bert-base-uncased,D:\E_math\DATA\attachment_1_raw_samples\videos\-lzEya4AM_4\5.mp4,3b74de8d0e66fd754594f05985e5af3480adcc03555f79225d3b727cb4bed043
-lzEya4AM_4$_$5,-lzEya4AM_4,5,audio,Negative,-0.666667,7.68,755.0,74.0,50x74,50 equal-duration bins,50.0,0.985026,0.0,7.565,ctc,ffmpeg_numpy_74,D:\E_math\DATA\attachment_1_raw_samples\videos\-lzEya4AM_4\5.mp4,3b74de8d0e66fd754594f05985e5af3480adcc03555f79225d3b727cb4bed043
-lzEya4AM_4$_$5,-lzEya4AM_4,5,vision,Negative,-0.666667,7.68,38.0,35.0,50x35,50 equal-duration bins,50.0,1.0,0.0,7.68,ctc,ffmpeg_numpy_35,D:\E_math\DATA\attachment_1_raw_samples\videos\-lzEya4AM_4\5.mp4,3b74de8d0e66fd754594f05985e5af3480adcc03555f79225d3b727cb4bed043
-lzEya4AM_4$_$6,-lzEya4AM_4,6,text,Negative,-0.333333,14.79,50.0,768.0,50x768,50 equal-duration bins,43.0,0.525405,0.60083,14.199628,ctc,transformers:D:\E_math\models\bert-base-uncased,D:\E_math\DATA\attachment_1_raw_samples\videos\-lzEya4AM_4\6.mp4,ff5da5afb551001d58100ed2471caea51c741046d5396957efbf40082307ca18
-lzEya4AM_4$_$6,-lzEya4AM_4,6,audio,Negative,-0.333333,14.79,1472.0,74.0,50x74,50 equal-duration bins,50.0,0.996281,0.0,14.735,ctc,ffmpeg_numpy_74,D:\E_math\DATA\attachment_1_raw_samples\videos\-lzEya4AM_4\6.mp4,ff5da5afb551001d58100ed2471caea51c741046d5396957efbf40082307ca18
-lzEya4AM_4$_$6,-lzEya4AM_4,6,vision,Negative,-0.333333,14.79,74.0,35.0,50x35,50 equal-duration bins,50.0,1.0,0.0,14.79,ctc,ffmpeg_numpy_35,D:\E_math\DATA\attachment_1_raw_samples\videos\-lzEya4AM_4\6.mp4,ff5da5afb551001d58100ed2471caea51c741046d5396957efbf40082307ca18
-mJ2ud6oKI8$_$1,-mJ2ud6oKI8,1,text,Neutral,0.0,6.1,15.0,768.0,50x768,50 equal-duration bins,50.0,0.946529,0.0,6.0545,ctc,transformers:D:\E_math\models\bert-base-uncased,D:\E_math\DATA\attachment_1_raw_samples\videos\-mJ2ud6oKI8\1.mp4,c8e3acb4ca08679796c4c8cdfcd8c2b3cffc0465015efaffa1eccdb55ff4f45b
-mJ2ud6oKI8$_$1,-mJ2ud6oKI8,1,audio,Neutral,0.0,6.1,603.0,74.0,50x74,50 equal-duration bins,50.0,0.990984,0.0,6.045,ctc,ffmpeg_numpy_74,D:\E_math\DATA\attachment_1_raw_samples\videos\-mJ2ud6oKI8\1.mp4,c8e3acb4ca08679796c4c8cdfcd8c2b3cffc0465015efaffa1eccdb55ff4f45b
-mJ2ud6oKI8$_$1,-mJ2ud6oKI8,1,vision,Neutral,0.0,6.1,30.0,35.0,50x35,50 equal-duration bins,50.0,1.0,0.0,6.1,ctc,ffmpeg_numpy_35,D:\E_math\DATA\attachment_1_raw_samples\videos\-mJ2ud6oKI8\1.mp4,c8e3acb4ca08679796c4c8cdfcd8c2b3cffc0465015efaffa1eccdb55ff4f45b
-mJ2ud6oKI8$_$2,-mJ2ud6oKI8,2,text,Neutral,0.0,5.73,19.0,768.0,50x768,50 equal-duration bins,50.0,0.94951,0.0,5.681611,ctc,transformers:D:\E_math\models\bert-base-uncased,D:\E_math\DATA\attachment_1_raw_samples\videos\-mJ2ud6oKI8\2.mp4,c41790f8b75f886bd1f5d6d72cbab1985306d0b715e5ae47203f3d0c8a3e7b28
-mJ2ud6oKI8$_$2,-mJ2ud6oKI8,2,audio,Neutral,0.0,5.73,568.0,74.0,50x74,50 equal-duration bins,50.0,0.993892,0.0,5.695,ctc,ffmpeg_numpy_74,D:\E_math\DATA\attachment_1_raw_samples\videos\-mJ2ud6oKI8\2.mp4,c41790f8b75f886bd1f5d6d72cbab1985306d0b715e5ae47203f3d0c8a3e7b28
-mJ2ud6oKI8$_$2,-mJ2ud6oKI8,2,vision,Neutral,0.0,5.73,29.0,35.0,50x35,50 equal-duration bins,50.0,1.0,0.0,5.73,ctc,ffmpeg_numpy_35,D:\E_math\DATA\attachment_1_raw_samples\videos\-mJ2ud6oKI8\2.mp4,c41790f8b75f886bd1f5d6d72cbab1985306d0b715e5ae47203f3d0c8a3e7b28
-mJ2ud6oKI8$_$6,-mJ2ud6oKI8,6,text,Positive,0.333333,2.26,7.0,768.0,50x768,50 equal-duration bins,35.0,0.621736,0.020073,2.167905,ctc,transformers:D:\E_math\models\bert-base-uncased,D:\E_math\DATA\attachment_1_raw_samples\videos\-mJ2ud6oKI8\6.mp4,134a3a4ebbc423760133b0da0e90cfe84d75ea85df3968000afd84153c5d828d
-mJ2ud6oKI8$_$6,-mJ2ud6oKI8,6,audio,Positive,0.333333,2.26,221.0,74.0,50x74,50 equal-duration bins,50.0,0.984513,0.0,2.225,ctc,ffmpeg_numpy_74,D:\E_math\DATA\attachment_1_raw_samples\videos\-mJ2ud6oKI8\6.mp4,134a3a4ebbc423760133b0da0e90cfe84d75ea85df3968000afd84153c5d828d
-mJ2ud6oKI8$_$6,-mJ2ud6oKI8,6,vision,Positive,0.333333,2.26,11.0,35.0,50x35,50 equal-duration bins,50.0,1.0,0.0,2.26,ctc,ffmpeg_numpy_35,D:\E_math\DATA\attachment_1_raw_samples\videos\-mJ2ud6oKI8\6.mp4,134a3a4ebbc423760133b0da0e90cfe84d75ea85df3968000afd84153c5d828d
-mJ2ud6oKI8$_$8,-mJ2ud6oKI8,8,text,Negative,-0.333333,4.19,13.0,768.0,50x768,50 equal-duration bins,38.0,0.569572,0.782133,4.171375,ctc,transformers:D:\E_math\models\bert-base-uncased,D:\E_math\DATA\attachment_1_raw_samples\videos\-mJ2ud6oKI8\8.mp4,6af6614c9838417a48c4817f4dd5bf1e6669eb5f78f983e9a68adc113fcdc7cc
-mJ2ud6oKI8$_$8,-mJ2ud6oKI8,8,audio,Negative,-0.333333,4.19,415.0,74.0,50x74,50 equal-duration bins,50.0,0.994033,0.0,4.165,ctc,ffmpeg_numpy_74,D:\E_math\DATA\attachment_1_raw_samples\videos\-mJ2ud6oKI8\8.mp4,6af6614c9838417a48c4817f4dd5bf1e6669eb5f78f983e9a68adc113fcdc7cc
-mJ2ud6oKI8$_$8,-mJ2ud6oKI8,8,vision,Negative,-0.333333,4.19,21.0,35.0,50x35,50 equal-duration bins,50.0,1.0,0.0,4.19,ctc,ffmpeg_numpy_35,D:\E_math\DATA\attachment_1_raw_samples\videos\-mJ2ud6oKI8\8.mp4,6af6614c9838417a48c4817f4dd5bf1e6669eb5f78f983e9a68adc113fcdc7cc
-mJ2ud6oKI8$_$9,-mJ2ud6oKI8,9,text,Neutral,0.0,7.03,31.0,768.0,50x768,50 equal-duration bins,37.0,0.489952,0.060076,6.888725,ctc,transformers:D:\E_math\models\bert-base-uncased,D:\E_math\DATA\attachment_1_raw_samples\videos\-mJ2ud6oKI8\9.mp4,df3442f3ed8f894b507923e87e426ae9636790a4a502d00c350a215270cc3e47
-mJ2ud6oKI8$_$9,-mJ2ud6oKI8,9,audio,Neutral,0.0,7.03,689.0,74.0,50x74,50 equal-duration bins,50.0,0.982219,0.0,6.905,ctc,ffmpeg_numpy_74,D:\E_math\DATA\attachment_1_raw_samples\videos\-mJ2ud6oKI8\9.mp4,df3442f3ed8f894b507923e87e426ae9636790a4a502d00c350a215270cc3e47
-mJ2ud6oKI8$_$9,-mJ2ud6oKI8,9,vision,Neutral,0.0,7.03,35.0,35.0,50x35,50 equal-duration bins,50.0,1.0,0.0,7.03,ctc,ffmpeg_numpy_35,D:\E_math\DATA\attachment_1_raw_samples\videos\-mJ2ud6oKI8\9.mp4,df3442f3ed8f894b507923e87e426ae9636790a4a502d00c350a215270cc3e47
-mqbVkbCndg$_$0,-mqbVkbCndg,0,text,Neutral,0.0,6.47,19.0,768.0,50x768,50 equal-duration bins,34.0,0.445515,0.160138,5.845035,ctc,transformers:D:\E_math\models\bert-base-uncased,D:\E_math\DATA\attachment_1_raw_samples\videos\-mqbVkbCndg\0.mp4,cdeba953bba30907814acf72f3e35582dec263eaa25bdd922dad7fafe02e4dda
-mqbVkbCndg$_$0,-mqbVkbCndg,0,audio,Neutral,0.0,6.47,637.0,74.0,50x74,50 equal-duration bins,50.0,0.986862,0.0,6.385,ctc,ffmpeg_numpy_74,D:\E_math\DATA\attachment_1_raw_samples\videos\-mqbVkbCndg\0.mp4,cdeba953bba30907814acf72f3e35582dec263eaa25bdd922dad7fafe02e4dda
-mqbVkbCndg$_$0,-mqbVkbCndg,0,vision,Neutral,0.0,6.47,33.0,35.0,50x35,50 equal-duration bins,50.0,1.0,0.0,6.47,ctc,ffmpeg_numpy_35,D:\E_math\DATA\attachment_1_raw_samples\videos\-mqbVkbCndg\0.mp4,cdeba953bba30907814acf72f3e35582dec263eaa25bdd922dad7fafe02e4dda
-qDkUB0GgYY$_$6,-qDkUB0GgYY,6,text,Positive,1.33333,4.68,20.0,768.0,50x768,50 equal-duration bins,34.0,0.480161,0.100319,4.012772,ctc,transformers:D:\E_math\models\bert-base-uncased,D:\E_math\DATA\attachment_1_raw_samples\videos\-qDkUB0GgYY\6.mp4,ab19bf4a761d3919b7113b1104ccaadbbf0c4e7b45694904d094280a2c329c8b
-qDkUB0GgYY$_$6,-qDkUB0GgYY,6,audio,Positive,1.33333,4.68,459.0,74.0,50x74,50 equal-duration bins,50.0,0.983974,0.0,4.605,ctc,ffmpeg_numpy_74,D:\E_math\DATA\attachment_1_raw_samples\videos\-qDkUB0GgYY\6.mp4,ab19bf4a761d3919b7113b1104ccaadbbf0c4e7b45694904d094280a2c329c8b
-qDkUB0GgYY$_$6,-qDkUB0GgYY,6,vision,Positive,1.33333,4.68,23.0,35.0,50x35,50 equal-duration bins,50.0,1.0,0.0,4.68,ctc,ffmpeg_numpy_35,D:\E_math\DATA\attachment_1_raw_samples\videos\-qDkUB0GgYY\6.mp4,ab19bf4a761d3919b7113b1104ccaadbbf0c4e7b45694904d094280a2c329c8b
-ri04Z7vwnc$_$0,-ri04Z7vwnc,0,text,Neutral,0.0,2.81,10.0,768.0,50x768,50 equal-duration bins,43.0,0.739317,0.02017,2.702741,ctc,transformers:D:\E_math\models\bert-base-uncased,D:\E_math\DATA\attachment_1_raw_samples\videos\-ri04Z7vwnc\0.mp4,93021c70c8fad20ad3fded80e7fc790a2f9c96835de58a3b694c6906de42684b
-ri04Z7vwnc$_$0,-ri04Z7vwnc,0,audio,Neutral,0.0,2.81,274.0,74.0,50x74,50 equal-duration bins,50.0,0.980427,0.0,2.755,ctc,ffmpeg_numpy_74,D:\E_math\DATA\attachment_1_raw_samples\videos\-ri04Z7vwnc\0.mp4,93021c70c8fad20ad3fded80e7fc790a2f9c96835de58a3b694c6906de42684b
-ri04Z7vwnc$_$0,-ri04Z7vwnc,0,vision,Neutral,0.0,2.81,14.0,35.0,50x35,50 equal-duration bins,50.0,1.0,0.0,2.81,ctc,ffmpeg_numpy_35,D:\E_math\DATA\attachment_1_raw_samples\videos\-ri04Z7vwnc\0.mp4,93021c70c8fad20ad3fded80e7fc790a2f9c96835de58a3b694c6906de42684b
-ri04Z7vwnc$_$2,-ri04Z7vwnc,2,text,Negative,-0.333333,6.03,28.0,768.0,50x768,50 equal-duration bins,43.0,0.714718,0.100227,5.352106,ctc,transformers:D:\E_math\models\bert-base-uncased,D:\E_math\DATA\attachment_1_raw_samples\videos\-ri04Z7vwnc\2.mp4,f5993ce3a6ee56298462c08692a96f78c7d914d7264257ed401de7d6e17fd148
-ri04Z7vwnc$_$2,-ri04Z7vwnc,2,audio,Negative,-0.333333,6.03,589.0,74.0,50x74,50 equal-duration bins,49.0,0.97927,0.0,5.905,ctc,ffmpeg_numpy_74,D:\E_math\DATA\attachment_1_raw_samples\videos\-ri04Z7vwnc\2.mp4,f5993ce3a6ee56298462c08692a96f78c7d914d7264257ed401de7d6e17fd148
-ri04Z7vwnc$_$2,-ri04Z7vwnc,2,vision,Negative,-0.333333,6.03,30.0,35.0,50x35,50 equal-duration bins,50.0,1.0,0.0,6.03,ctc,ffmpeg_numpy_35,D:\E_math\DATA\attachment_1_raw_samples\videos\-ri04Z7vwnc\2.mp4,f5993ce3a6ee56298462c08692a96f78c7d914d7264257ed401de7d6e17fd148
-ri04Z7vwnc$_$5,-ri04Z7vwnc,5,text,Positive,0.333333,3.55,13.0,768.0,50x768,50 equal-duration bins,31.0,0.498638,0.643696,3.339173,ctc,transformers:D:\E_math\models\bert-base-uncased,D:\E_math\DATA\attachment_1_raw_samples\videos\-ri04Z7vwnc\5.mp4,2a5e4319bf592a18c8eb5117f7c7ec30c6c79528f9eac9fe4fb85bf70f277736
-ri04Z7vwnc$_$5,-ri04Z7vwnc,5,audio,Positive,0.333333,3.55,342.0,74.0,50x74,50 equal-duration bins,49.0,0.967606,0.0,3.435,ctc,ffmpeg_numpy_74,D:\E_math\DATA\attachment_1_raw_samples\videos\-ri04Z7vwnc\5.mp4,2a5e4319bf592a18c8eb5117f7c7ec30c6c79528f9eac9fe4fb85bf70f277736
-ri04Z7vwnc$_$5,-ri04Z7vwnc,5,vision,Positive,0.333333,3.55,18.0,35.0,50x35,50 equal-duration bins,50.0,1.0,0.0,3.55,ctc,ffmpeg_numpy_35,D:\E_math\DATA\attachment_1_raw_samples\videos\-ri04Z7vwnc\5.mp4,2a5e4319bf592a18c8eb5117f7c7ec30c6c79528f9eac9fe4fb85bf70f277736
-s9qJ7ATP7w$_$0,-s9qJ7ATP7w,0,text,Negative,-0.333333,6.8,30.0,768.0,50x768,50 equal-duration bins,39.0,0.477222,0.020032,6.129648,ctc,transformers:D:\E_math\models\bert-base-uncased,D:\E_math\DATA\attachment_1_raw_samples\videos\-s9qJ7ATP7w\0.mp4,f2324dbc6debe0d1e4254e6f943523373e3cbb30d8d0555413ce3a7b370a4af5
-s9qJ7ATP7w$_$0,-s9qJ7ATP7w,0,audio,Negative,-0.333333,6.8,669.0,74.0,50x74,50 equal-duration bins,50.0,0.986029,0.0,6.705,ctc,ffmpeg_numpy_74,D:\E_math\DATA\attachment_1_raw_samples\videos\-s9qJ7ATP7w\0.mp4,f2324dbc6debe0d1e4254e6f943523373e3cbb30d8d0555413ce3a7b370a4af5
-s9qJ7ATP7w$_$0,-s9qJ7ATP7w,0,vision,Negative,-0.333333,6.8,34.0,35.0,50x35,50 equal-duration bins,50.0,1.0,0.0,6.8,ctc,ffmpeg_numpy_35,D:\E_math\DATA\attachment_1_raw_samples\videos\-s9qJ7ATP7w\0.mp4,f2324dbc6debe0d1e4254e6f943523373e3cbb30d8d0555413ce3a7b370a4af5
-s9qJ7ATP7w$_$1,-s9qJ7ATP7w,1,text,Positive,0.666667,4.79,14.0,768.0,50x768,50 equal-duration bins,30.0,0.461657,0.542783,4.281957,ctc,transformers:D:\E_math\models\bert-base-uncased,D:\E_math\DATA\attachment_1_raw_samples\videos\-s9qJ7ATP7w\1.mp4,a33e8f82a185bcb7648b523927308cdc2142e3076479ba2b45cd0e828636fc09
-s9qJ7ATP7w$_$1,-s9qJ7ATP7w,1,audio,Positive,0.666667,4.79,462.0,74.0,50x74,50 equal-duration bins,49.0,0.967641,0.0,4.635,ctc,ffmpeg_numpy_74,D:\E_math\DATA\attachment_1_raw_samples\videos\-s9qJ7ATP7w\1.mp4,a33e8f82a185bcb7648b523927308cdc2142e3076479ba2b45cd0e828636fc09
-s9qJ7ATP7w$_$1,-s9qJ7ATP7w,1,vision,Positive,0.666667,4.79,24.0,35.0,50x35,50 equal-duration bins,50.0,1.0,0.0,4.79,ctc,ffmpeg_numpy_35,D:\E_math\DATA\attachment_1_raw_samples\videos\-s9qJ7ATP7w\1.mp4,a33e8f82a185bcb7648b523927308cdc2142e3076479ba2b45cd0e828636fc09
-s9qJ7ATP7w$_$4,-s9qJ7ATP7w,4,text,Neutral,0.0,4.43,12.0,768.0,50x768,50 equal-duration bins,28.0,0.402457,0.100162,3.445578,ctc,transformers:D:\E_math\models\bert-base-uncased,D:\E_math\DATA\attachment_1_raw_samples\videos\-s9qJ7ATP7w\4.mp4,76e0672ffce5857a789b41fb10606402f7da58c33579b1032a8282f86fb35bc9
-s9qJ7ATP7w$_$4,-s9qJ7ATP7w,4,audio,Neutral,0.0,4.43,423.0,74.0,50x74,50 equal-duration bins,48.0,0.958239,0.0,4.245,ctc,ffmpeg_numpy_74,D:\E_math\DATA\attachment_1_raw_samples\videos\-s9qJ7ATP7w\4.mp4,76e0672ffce5857a789b41fb10606402f7da58c33579b1032a8282f86fb35bc9
-s9qJ7ATP7w$_$4,-s9qJ7ATP7w,4,vision,Neutral,0.0,4.43,22.0,35.0,50x35,50 equal-duration bins,50.0,1.0,0.0,4.43,ctc,ffmpeg_numpy_35,D:\E_math\DATA\attachment_1_raw_samples\videos\-s9qJ7ATP7w\4.mp4,76e0672ffce5857a789b41fb10606402f7da58c33579b1032a8282f86fb35bc9
-s9qJ7ATP7w$_$5,-s9qJ7ATP7w,5,text,Negative,-2.0,8.56,22.0,768.0,50x768,50 equal-duration bins,32.0,0.379312,0.400853,7.816638,ctc,transformers:D:\E_math\models\bert-base-uncased,D:\E_math\DATA\attachment_1_raw_samples\videos\-s9qJ7ATP7w\5.mp4,bd35eb8de64ce1f8b27921294598f7cf5bb971255738f51d06458c7096c58eae
-s9qJ7ATP7w$_$5,-s9qJ7ATP7w,5,audio,Negative,-2.0,8.56,838.0,74.0,50x74,50 equal-duration bins,50.0,0.980724,0.0,8.395,ctc,ffmpeg_numpy_74,D:\E_math\DATA\attachment_1_raw_samples\videos\-s9qJ7ATP7w\5.mp4,bd35eb8de64ce1f8b27921294598f7cf5bb971255738f51d06458c7096c58eae
-s9qJ7ATP7w$_$5,-s9qJ7ATP7w,5,vision,Negative,-2.0,8.56,43.0,35.0,50x35,50 equal-duration bins,50.0,1.0,0.0,8.56,ctc,ffmpeg_numpy_35,D:\E_math\DATA\attachment_1_raw_samples\videos\-s9qJ7ATP7w\5.mp4,bd35eb8de64ce1f8b27921294598f7cf5bb971255738f51d06458c7096c58eae
-s9qJ7ATP7w$_$6,-s9qJ7ATP7w,6,text,Neutral,0.0,2.48,7.0,768.0,50x768,50 equal-duration bins,17.0,0.267843,0.563607,1.85185,ctc,transformers:D:\E_math\models\bert-base-uncased,D:\E_math\DATA\attachment_1_raw_samples\videos\-s9qJ7ATP7w\6.mp4,40b684fd1b4559f0f82e72f9b47f4ce7c5e15059fe8d0d8ab112637cd3386451
-s9qJ7ATP7w$_$6,-s9qJ7ATP7w,6,audio,Neutral,0.0,2.48,229.0,74.0,50x74,50 equal-duration bins,47.0,0.929435,0.0,2.305,ctc,ffmpeg_numpy_74,D:\E_math\DATA\attachment_1_raw_samples\videos\-s9qJ7ATP7w\6.mp4,40b684fd1b4559f0f82e72f9b47f4ce7c5e15059fe8d0d8ab112637cd3386451
-s9qJ7ATP7w$_$6,-s9qJ7ATP7w,6,vision,Neutral,0.0,2.48,12.0,35.0,50x35,50 equal-duration bins,50.0,1.0,0.0,2.48,ctc,ffmpeg_numpy_35,D:\E_math\DATA\attachment_1_raw_samples\videos\-s9qJ7ATP7w\6.mp4,40b684fd1b4559f0f82e72f9b47f4ce7c5e15059fe8d0d8ab112637cd3386451
-s9qJ7ATP7w$_$7,-s9qJ7ATP7w,7,text,Positive,1.0,6.97,40.0,768.0,50x768,50 equal-duration bins,41.0,0.57545,0.561524,6.638018,ctc,transformers:D:\E_math\models\bert-base-uncased,D:\E_math\DATA\attachment_1_raw_samples\videos\-s9qJ7ATP7w\7.mp4,5301f4403cf7cd299cc525d2f443392ac70fd70c3c9cd4a09406f2ba4df6734d
-s9qJ7ATP7w$_$7,-s9qJ7ATP7w,7,audio,Positive,1.0,6.97,682.0,74.0,50x74,50 equal-duration bins,50.0,0.980631,0.0,6.835,ctc,ffmpeg_numpy_74,D:\E_math\DATA\attachment_1_raw_samples\videos\-s9qJ7ATP7w\7.mp4,5301f4403cf7cd299cc525d2f443392ac70fd70c3c9cd4a09406f2ba4df6734d
-s9qJ7ATP7w$_$7,-s9qJ7ATP7w,7,vision,Positive,1.0,6.97,35.0,35.0,50x35,50 equal-duration bins,50.0,1.0,0.0,6.97,ctc,ffmpeg_numpy_35,D:\E_math\DATA\attachment_1_raw_samples\videos\-s9qJ7ATP7w\7.mp4,5301f4403cf7cd299cc525d2f443392ac70fd70c3c9cd4a09406f2ba4df6734d
-s9qJ7ATP7w$_$8,-s9qJ7ATP7w,8,text,Positive,1.33333,3.29,19.0,768.0,50x768,50 equal-duration bins,32.0,0.441049,0.523991,2.660259,ctc,transformers:D:\E_math\models\bert-base-uncased,D:\E_math\DATA\attachment_1_raw_samples\videos\-s9qJ7ATP7w\8.mp4,1de4d91bd9d9fb508a3779658747da88460db0bdb1beefe7ea5b2c77edfd2239
-s9qJ7ATP7w$_$8,-s9qJ7ATP7w,8,audio,Positive,1.33333,3.29,316.0,74.0,50x74,50 equal-duration bins,49.0,0.965046,0.0,3.175,ctc,ffmpeg_numpy_74,D:\E_math\DATA\attachment_1_raw_samples\videos\-s9qJ7ATP7w\8.mp4,1de4d91bd9d9fb508a3779658747da88460db0bdb1beefe7ea5b2c77edfd2239
-s9qJ7ATP7w$_$8,-s9qJ7ATP7w,8,vision,Positive,1.33333,3.29,16.0,35.0,50x35,50 equal-duration bins,50.0,1.0,0.0,3.29,ctc,ffmpeg_numpy_35,D:\E_math\DATA\attachment_1_raw_samples\videos\-s9qJ7ATP7w\8.mp4,1de4d91bd9d9fb508a3779658747da88460db0bdb1beefe7ea5b2c77edfd2239
-t217m2on-s$_$2,-t217m2on-s,2,text,Positive,0.666667,5.69,18.0,768.0,50x768,50 equal-duration bins,28.0,0.401429,0.520943,5.069172,ctc,transformers:D:\E_math\models\bert-base-uncased,D:\E_math\DATA\attachment_1_raw_samples\videos\-t217m2on-s\2.mp4,6713a983112173204502dc5adbb886bc6c38554b4627698611931420c47663a8
-t217m2on-s$_$2,-t217m2on-s,2,audio,Positive,0.666667,5.69,561.0,74.0,50x74,50 equal-duration bins,50.0,0.988576,0.0,5.625,ctc,ffmpeg_numpy_74,D:\E_math\DATA\attachment_1_raw_samples\videos\-t217m2on-s\2.mp4,6713a983112173204502dc5adbb886bc6c38554b4627698611931420c47663a8
-t217m2on-s$_$2,-t217m2on-s,2,vision,Positive,0.666667,5.69,28.0,35.0,50x35,50 equal-duration bins,50.0,1.0,0.0,5.69,ctc,ffmpeg_numpy_35,D:\E_math\DATA\attachment_1_raw_samples\videos\-t217m2on-s\2.mp4,6713a983112173204502dc5adbb886bc6c38554b4627698611931420c47663a8
-t217m2on-s$_$7,-t217m2on-s,7,text,Negative,-0.666667,17.18,50.0,768.0,50x768,50 equal-duration bins,40.0,0.486795,0.56021,16.486174,ctc,transformers:D:\E_math\models\bert-base-uncased,D:\E_math\DATA\attachment_1_raw_samples\videos\-t217m2on-s\7.mp4,41c76b8a733ecb780d56348f55d00f0ba0c07f44f46e93044e62d876710180b7
-t217m2on-s$_$7,-t217m2on-s,7,audio,Negative,-0.666667,17.18,1701.0,74.0,50x74,50 equal-duration bins,50.0,0.990978,0.0,17.025,ctc,ffmpeg_numpy_74,D:\E_math\DATA\attachment_1_raw_samples\videos\-t217m2on-s\7.mp4,41c76b8a733ecb780d56348f55d00f0ba0c07f44f46e93044e62d876710180b7
-t217m2on-s$_$7,-t217m2on-s,7,vision,Negative,-0.666667,17.18,86.0,35.0,50x35,50 equal-duration bins,50.0,1.0,0.0,17.18,ctc,ffmpeg_numpy_35,D:\E_math\DATA\attachment_1_raw_samples\videos\-t217m2on-s\7.mp4,41c76b8a733ecb780d56348f55d00f0ba0c07f44f46e93044e62d876710180b7
-tANM6ETl_M$_$3,-tANM6ETl_M,3,text,Positive,0.333333,6.76,31.0,768.0,50x768,50 equal-duration bins,42.0,0.564148,0.541939,6.121902,ctc,transformers:D:\E_math\models\bert-base-uncased,D:\E_math\DATA\attachment_1_raw_samples\videos\-tANM6ETl_M\3.mp4,6d3af064c060dad3816a9e1dfa00101faebd8b7da7d8ceea85b0bc0fca70abd6
-tANM6ETl_M$_$3,-tANM6ETl_M,3,audio,Positive,0.333333,6.76,658.0,74.0,50x74,50 equal-duration bins,49.0,0.975592,0.0,6.595,ctc,ffmpeg_numpy_74,D:\E_math\DATA\attachment_1_raw_samples\videos\-tANM6ETl_M\3.mp4,6d3af064c060dad3816a9e1dfa00101faebd8b7da7d8ceea85b0bc0fca70abd6
-tANM6ETl_M$_$3,-tANM6ETl_M,3,vision,Positive,0.333333,6.76,34.0,35.0,50x35,50 equal-duration bins,50.0,1.0,0.0,6.76,ctc,ffmpeg_numpy_35,D:\E_math\DATA\attachment_1_raw_samples\videos\-tANM6ETl_M\3.mp4,6d3af064c060dad3816a9e1dfa00101faebd8b7da7d8ceea85b0bc0fca70abd6
-tPCytz4rww$_$10,-tPCytz4rww,10,text,Neutral,0.0,4.79,17.0,768.0,50x768,50 equal-duration bins,33.0,0.465337,0.602422,4.036229,ctc,transformers:D:\E_math\models\bert-base-uncased,D:\E_math\DATA\attachment_1_raw_samples\videos\-tPCytz4rww\10.mp4,758183192cbd5f0f20823d26ece3ddee40dec0aadec35247b2495510a53f52f8
-tPCytz4rww$_$10,-tPCytz4rww,10,audio,Neutral,0.0,4.79,466.0,74.0,50x74,50 equal-duration bins,49.0,0.975992,0.0,4.675,ctc,ffmpeg_numpy_74,D:\E_math\DATA\attachment_1_raw_samples\videos\-tPCytz4rww\10.mp4,758183192cbd5f0f20823d26ece3ddee40dec0aadec35247b2495510a53f52f8
-tPCytz4rww$_$10,-tPCytz4rww,10,vision,Neutral,0.0,4.79,24.0,35.0,50x35,50 equal-duration bins,50.0,1.0,0.0,4.79,ctc,ffmpeg_numpy_35,D:\E_math\DATA\attachment_1_raw_samples\videos\-tPCytz4rww\10.mp4,758183192cbd5f0f20823d26ece3ddee40dec0aadec35247b2495510a53f52f8
-tPCytz4rww$_$11,-tPCytz4rww,11,text,Neutral,0.0,5.47,22.0,768.0,50x768,50 equal-duration bins,42.0,0.653077,0.501732,5.298285,ctc,transformers:D:\E_math\models\bert-base-uncased,D:\E_math\DATA\attachment_1_raw_samples\videos\-tPCytz4rww\11.mp4,6dc09d02467baaef67594ff32cffb01f8ed1565cda4c5abd161b8261a51e2e5d
-tPCytz4rww$_$11,-tPCytz4rww,11,audio,Neutral,0.0,5.47,536.0,74.0,50x74,50 equal-duration bins,50.0,0.982633,0.0,5.375,ctc,ffmpeg_numpy_74,D:\E_math\DATA\attachment_1_raw_samples\videos\-tPCytz4rww\11.mp4,6dc09d02467baaef67594ff32cffb01f8ed1565cda4c5abd161b8261a51e2e5d
-tPCytz4rww$_$11,-tPCytz4rww,11,vision,Neutral,0.0,5.47,27.0,35.0,50x35,50 equal-duration bins,50.0,1.0,0.0,5.47,ctc,ffmpeg_numpy_35,D:\E_math\DATA\attachment_1_raw_samples\videos\-tPCytz4rww\11.mp4,6dc09d02467baaef67594ff32cffb01f8ed1565cda4c5abd161b8261a51e2e5d
-tPCytz4rww$_$12,-tPCytz4rww,12,text,Neutral,0.0,11.86,30.0,768.0,50x768,50 equal-duration bins,37.0,0.462696,0.540746,11.135359,ctc,transformers:D:\E_math\models\bert-base-uncased,D:\E_math\DATA\attachment_1_raw_samples\videos\-tPCytz4rww\12.mp4,e3c7f9cd67ad2d20fef997696dc278361f97f027db58762e22104e5720d509d5
-tPCytz4rww$_$12,-tPCytz4rww,12,audio,Neutral,0.0,11.86,1172.0,74.0,50x74,50 equal-duration bins,50.0,0.98946,0.0,11.735,ctc,ffmpeg_numpy_74,D:\E_math\DATA\attachment_1_raw_samples\videos\-tPCytz4rww\12.mp4,e3c7f9cd67ad2d20fef997696dc278361f97f027db58762e22104e5720d509d5
-tPCytz4rww$_$12,-tPCytz4rww,12,vision,Neutral,0.0,11.86,59.0,35.0,50x35,50 equal-duration bins,50.0,1.0,0.0,11.86,ctc,ffmpeg_numpy_35,D:\E_math\DATA\attachment_1_raw_samples\videos\-tPCytz4rww\12.mp4,e3c7f9cd67ad2d20fef997696dc278361f97f027db58762e22104e5720d509d5
-tPCytz4rww$_$16,-tPCytz4rww,16,text,Neutral,0.0,7.21,19.0,768.0,50x768,50 equal-duration bins,31.0,0.361582,0.581563,6.597732,ctc,transformers:D:\E_math\models\bert-base-uncased,D:\E_math\DATA\attachment_1_raw_samples\videos\-tPCytz4rww\16.mp4,8b3f82f9628792eebaf8c227becc2ebeba59bb8abb668bcca86e07fb1a992a93
-tPCytz4rww$_$16,-tPCytz4rww,16,audio,Neutral,0.0,7.21,712.0,74.0,50x74,50 equal-duration bins,50.0,0.989598,0.0,7.135,ctc,ffmpeg_numpy_74,D:\E_math\DATA\attachment_1_raw_samples\videos\-tPCytz4rww\16.mp4,8b3f82f9628792eebaf8c227becc2ebeba59bb8abb668bcca86e07fb1a992a93
-tPCytz4rww$_$16,-tPCytz4rww,16,vision,Neutral,0.0,7.21,36.0,35.0,50x35,50 equal-duration bins,50.0,1.0,0.0,7.21,ctc,ffmpeg_numpy_35,D:\E_math\DATA\attachment_1_raw_samples\videos\-tPCytz4rww\16.mp4,8b3f82f9628792eebaf8c227becc2ebeba59bb8abb668bcca86e07fb1a992a93
-tPCytz4rww$_$18,-tPCytz4rww,18,text,Neutral,0.0,6.64,24.0,768.0,50x768,50 equal-duration bins,34.0,0.470511,0.540725,6.028087,ctc,transformers:D:\E_math\models\bert-base-uncased,D:\E_math\DATA\attachment_1_raw_samples\videos\-tPCytz4rww\18.mp4,eece70451e9c37a4b5f375bf646f66e09113fe3467f35bf1720cc14d986c1776
-tPCytz4rww$_$18,-tPCytz4rww,18,audio,Neutral,0.0,6.64,655.0,74.0,50x74,50 equal-duration bins,50.0,0.988705,0.0,6.565,ctc,ffmpeg_numpy_74,D:\E_math\DATA\attachment_1_raw_samples\videos\-tPCytz4rww\18.mp4,eece70451e9c37a4b5f375bf646f66e09113fe3467f35bf1720cc14d986c1776
-tPCytz4rww$_$18,-tPCytz4rww,18,vision,Neutral,0.0,6.64,33.0,35.0,50x35,50 equal-duration bins,50.0,1.0,0.0,6.64,ctc,ffmpeg_numpy_35,D:\E_math\DATA\attachment_1_raw_samples\videos\-tPCytz4rww\18.mp4,eece70451e9c37a4b5f375bf646f66e09113fe3467f35bf1720cc14d986c1776
-uywlfIYOS8$_$4,-uywlfIYOS8,4,text,Positive,0.333333,6.04,24.0,768.0,50x768,50 equal-duration bins,41.0,0.564943,0.140505,5.278962,ctc,transformers:D:\E_math\models\bert-base-uncased,D:\E_math\DATA\attachment_1_raw_samples\videos\-uywlfIYOS8\4.mp4,fde46f5222cf5cfec7af9c93214c972ce2d686b0bf9c90a291021601968986f9
-uywlfIYOS8$_$4,-uywlfIYOS8,4,audio,Positive,0.333333,6.04,586.0,74.0,50x74,50 equal-duration bins,49.0,0.972682,0.0,5.875,ctc,ffmpeg_numpy_74,D:\E_math\DATA\attachment_1_raw_samples\videos\-uywlfIYOS8\4.mp4,fde46f5222cf5cfec7af9c93214c972ce2d686b0bf9c90a291021601968986f9
-uywlfIYOS8$_$4,-uywlfIYOS8,4,vision,Positive,0.333333,6.04,30.0,35.0,50x35,50 equal-duration bins,50.0,1.0,0.0,6.04,ctc,ffmpeg_numpy_35,D:\E_math\DATA\attachment_1_raw_samples\videos\-uywlfIYOS8\4.mp4,fde46f5222cf5cfec7af9c93214c972ce2d686b0bf9c90a291021601968986f9
-vxjVxOeScU$_$4,-vxjVxOeScU,4,text,Positive,1.0,9.13,29.0,768.0,50x768,50 equal-duration bins,38.0,0.524539,0.0,8.496041,ctc,transformers:D:\E_math\models\bert-base-uncased,D:\E_math\DATA\attachment_1_raw_samples\videos\-vxjVxOeScU\4.mp4,00282df9a314394f19d616d561bd1916d1d30dca4c814dfb43630ca164f4c719
-vxjVxOeScU$_$4,-vxjVxOeScU,4,audio,Positive,1.0,9.13,902.0,74.0,50x74,50 equal-duration bins,50.0,0.989595,0.0,9.035,ctc,ffmpeg_numpy_74,D:\E_math\DATA\attachment_1_raw_samples\videos\-vxjVxOeScU\4.mp4,00282df9a314394f19d616d561bd1916d1d30dca4c814dfb43630ca164f4c719
-vxjVxOeScU$_$4,-vxjVxOeScU,4,vision,Positive,1.0,9.13,46.0,35.0,50x35,50 equal-duration bins,50.0,1.0,0.0,9.13,ctc,ffmpeg_numpy_35,D:\E_math\DATA\attachment_1_raw_samples\videos\-vxjVxOeScU\4.mp4,00282df9a314394f19d616d561bd1916d1d30dca4c814dfb43630ca164f4c719
-wMB_hJL-3o$_$7,-wMB_hJL-3o,7,text,Positive,0.333333,6.04,25.0,768.0,50x768,50 equal-duration bins,38.0,0.531185,0.601567,5.534414,ctc,transformers:D:\E_math\models\bert-base-uncased,D:\E_math\DATA\attachment_1_raw_samples\videos\-wMB_hJL-3o\7.mp4,04a73d73fd150b07edab8e652fd14c9cb4a0f6e017ea97b17e8146e377b9fae7
-wMB_hJL-3o$_$7,-wMB_hJL-3o,7,audio,Positive,0.333333,6.04,596.0,74.0,50x74,50 equal-duration bins,50.0,0.989238,0.0,5.975,ctc,ffmpeg_numpy_74,D:\E_math\DATA\attachment_1_raw_samples\videos\-wMB_hJL-3o\7.mp4,04a73d73fd150b07edab8e652fd14c9cb4a0f6e017ea97b17e8146e377b9fae7
-wMB_hJL-3o$_$7,-wMB_hJL-3o,7,vision,Positive,0.333333,6.04,30.0,35.0,50x35,50 equal-duration bins,50.0,1.0,0.0,6.04,ctc,ffmpeg_numpy_35,D:\E_math\DATA\attachment_1_raw_samples\videos\-wMB_hJL-3o\7.mp4,04a73d73fd150b07edab8e652fd14c9cb4a0f6e017ea97b17e8146e377b9fae7
-wny0OAz3g8$_$0,-wny0OAz3g8,0,text,Positive,0.333333,3.33,13.0,768.0,50x768,50 equal-duration bins,35.0,0.53683,0.321374,2.711595,ctc,transformers:D:\E_math\models\bert-base-uncased,D:\E_math\DATA\attachment_1_raw_samples\videos\-wny0OAz3g8\0.mp4,1cc21b4432e2f4b592284ee40558a18acc7d208019117aebdb2f6a1b67ea198d
-wny0OAz3g8$_$0,-wny0OAz3g8,0,audio,Positive,0.333333,3.33,325.0,74.0,50x74,50 equal-duration bins,50.0,0.98048,0.0,3.265,ctc,ffmpeg_numpy_74,D:\E_math\DATA\attachment_1_raw_samples\videos\-wny0OAz3g8\0.mp4,1cc21b4432e2f4b592284ee40558a18acc7d208019117aebdb2f6a1b67ea198d
-wny0OAz3g8$_$0,-wny0OAz3g8,0,vision,Positive,0.333333,3.33,17.0,35.0,50x35,50 equal-duration bins,50.0,1.0,0.0,3.33,ctc,ffmpeg_numpy_35,D:\E_math\DATA\attachment_1_raw_samples\videos\-wny0OAz3g8\0.mp4,1cc21b4432e2f4b592284ee40558a18acc7d208019117aebdb2f6a1b67ea198d
-wny0OAz3g8$_$1,-wny0OAz3g8,1,text,Positive,0.333333,6.84,30.0,768.0,50x768,50 equal-duration bins,42.0,0.612608,0.561372,6.23524,ctc,transformers:D:\E_math\models\bert-base-uncased,D:\E_math\DATA\attachment_1_raw_samples\videos\-wny0OAz3g8\1.mp4,c5535859f129ce04da5f5b5104d02d4168057b9d947a5349d423278ad4f3d8e8
-wny0OAz3g8$_$1,-wny0OAz3g8,1,audio,Positive,0.333333,6.84,676.0,74.0,50x74,50 equal-duration bins,50.0,0.990497,0.0,6.775,ctc,ffmpeg_numpy_74,D:\E_math\DATA\attachment_1_raw_samples\videos\-wny0OAz3g8\1.mp4,c5535859f129ce04da5f5b5104d02d4168057b9d947a5349d423278ad4f3d8e8
-wny0OAz3g8$_$1,-wny0OAz3g8,1,vision,Positive,0.333333,6.84,34.0,35.0,50x35,50 equal-duration bins,50.0,1.0,0.0,6.84,ctc,ffmpeg_numpy_35,D:\E_math\DATA\attachment_1_raw_samples\videos\-wny0OAz3g8\1.mp4,c5535859f129ce04da5f5b5104d02d4168057b9d947a5349d423278ad4f3d8e8
-wny0OAz3g8$_$2,-wny0OAz3g8,2,text,Negative,-0.333333,6.69,30.0,768.0,50x768,50 equal-duration bins,40.0,0.599994,0.541885,6.020942,ctc,transformers:D:\E_math\models\bert-base-uncased,D:\E_math\DATA\attachment_1_raw_samples\videos\-wny0OAz3g8\2.mp4,1825fb37db2e914fb616cd80aebd613afd873eecb7edd4d0b53158bfda0e522a
-wny0OAz3g8$_$2,-wny0OAz3g8,2,audio,Negative,-0.333333,6.69,650.0,74.0,50x74,50 equal-duration bins,49.0,0.973842,0.0,6.515,ctc,ffmpeg_numpy_74,D:\E_math\DATA\attachment_1_raw_samples\videos\-wny0OAz3g8\2.mp4,1825fb37db2e914fb616cd80aebd613afd873eecb7edd4d0b53158bfda0e522a
-wny0OAz3g8$_$2,-wny0OAz3g8,2,vision,Negative,-0.333333,6.69,33.0,35.0,50x35,50 equal-duration bins,50.0,1.0,0.0,6.69,ctc,ffmpeg_numpy_35,D:\E_math\DATA\attachment_1_raw_samples\videos\-wny0OAz3g8\2.mp4,1825fb37db2e914fb616cd80aebd613afd873eecb7edd4d0b53158bfda0e522a
-wny0OAz3g8$_$3,-wny0OAz3g8,3,text,Negative,-1.33333,6.15,22.0,768.0,50x768,50 equal-duration bins,41.0,0.590542,0.541765,5.55811,ctc,transformers:D:\E_math\models\bert-base-uncased,D:\E_math\DATA\attachment_1_raw_samples\videos\-wny0OAz3g8\3.mp4,ea917c506bc9fa39460f2b722f7c416f646312bb17cd74baa618905b54837bce
-wny0OAz3g8$_$3,-wny0OAz3g8,3,audio,Negative,-1.33333,6.15,608.0,74.0,50x74,50 equal-duration bins,50.0,0.991057,0.0,6.095,ctc,ffmpeg_numpy_74,D:\E_math\DATA\attachment_1_raw_samples\videos\-wny0OAz3g8\3.mp4,ea917c506bc9fa39460f2b722f7c416f646312bb17cd74baa618905b54837bce
-wny0OAz3g8$_$3,-wny0OAz3g8,3,vision,Negative,-1.33333,6.15,31.0,35.0,50x35,50 equal-duration bins,50.0,1.0,0.0,6.15,ctc,ffmpeg_numpy_35,D:\E_math\DATA\attachment_1_raw_samples\videos\-wny0OAz3g8\3.mp4,ea917c506bc9fa39460f2b722f7c416f646312bb17cd74baa618905b54837bce
-wny0OAz3g8$_$5,-wny0OAz3g8,5,text,Positive,1.0,6.91,29.0,768.0,50x768,50 equal-duration bins,42.0,0.609754,0.58185,6.400353,ctc,transformers:D:\E_math\models\bert-base-uncased,D:\E_math\DATA\attachment_1_raw_samples\videos\-wny0OAz3g8\5.mp4,6c6a8a4cba654b25190ab1793bfae81c3d2159ecd6cbc02d3fcbd598543acce0
-wny0OAz3g8$_$5,-wny0OAz3g8,5,audio,Positive,1.0,6.91,672.0,74.0,50x74,50 equal-duration bins,49.0,0.974674,0.0,6.735,ctc,ffmpeg_numpy_74,D:\E_math\DATA\attachment_1_raw_samples\videos\-wny0OAz3g8\5.mp4,6c6a8a4cba654b25190ab1793bfae81c3d2159ecd6cbc02d3fcbd598543acce0
-wny0OAz3g8$_$5,-wny0OAz3g8,5,vision,Positive,1.0,6.91,35.0,35.0,50x35,50 equal-duration bins,50.0,1.0,0.0,6.91,ctc,ffmpeg_numpy_35,D:\E_math\DATA\attachment_1_raw_samples\videos\-wny0OAz3g8\5.mp4,6c6a8a4cba654b25190ab1793bfae81c3d2159ecd6cbc02d3fcbd598543acce0
-wny0OAz3g8$_$7,-wny0OAz3g8,7,text,Neutral,0.0,8.07,33.0,768.0,50x768,50 equal-duration bins,49.0,0.722148,0.160213,7.770314,ctc,transformers:D:\E_math\models\bert-base-uncased,D:\E_math\DATA\attachment_1_raw_samples\videos\-wny0OAz3g8\7.mp4,cbf9cac1048ce191aef781d0c4563eb97f9f3ddd52eb1f9551fa78d31d70e7cd
-wny0OAz3g8$_$7,-wny0OAz3g8,7,audio,Neutral,0.0,8.07,789.0,74.0,50x74,50 equal-duration bins,49.0,0.979554,0.0,7.905,ctc,ffmpeg_numpy_74,D:\E_math\DATA\attachment_1_raw_samples\videos\-wny0OAz3g8\7.mp4,cbf9cac1048ce191aef781d0c4563eb97f9f3ddd52eb1f9551fa78d31d70e7cd
-wny0OAz3g8$_$7,-wny0OAz3g8,7,vision,Neutral,0.0,8.07,40.0,35.0,50x35,50 equal-duration bins,50.0,1.0,0.0,8.07,ctc,ffmpeg_numpy_35,D:\E_math\DATA\attachment_1_raw_samples\videos\-wny0OAz3g8\7.mp4,cbf9cac1048ce191aef781d0c4563eb97f9f3ddd52eb1f9551fa78d31d70e7cd
-wny0OAz3g8$_$9,-wny0OAz3g8,9,text,Positive,0.666667,6.21,24.0,768.0,50x768,50 equal-duration bins,47.0,0.691901,0.080312,5.882875,ctc,transformers:D:\E_math\models\bert-base-uncased,D:\E_math\DATA\attachment_1_raw_samples\videos\-wny0OAz3g8\9.mp4,b76f70fe783ee76bf1b637137226c98e67d13a6b15ec725894175b36cd76a136
-wny0OAz3g8$_$9,-wny0OAz3g8,9,audio,Positive,0.666667,6.21,602.0,74.0,50x74,50 equal-duration bins,49.0,0.97182,0.0,6.035,ctc,ffmpeg_numpy_74,D:\E_math\DATA\attachment_1_raw_samples\videos\-wny0OAz3g8\9.mp4,b76f70fe783ee76bf1b637137226c98e67d13a6b15ec725894175b36cd76a136
-wny0OAz3g8$_$9,-wny0OAz3g8,9,vision,Positive,0.666667,6.21,31.0,35.0,50x35,50 equal-duration bins,50.0,1.0,0.0,6.21,ctc,ffmpeg_numpy_35,D:\E_math\DATA\attachment_1_raw_samples\videos\-wny0OAz3g8\9.mp4,b76f70fe783ee76bf1b637137226c98e67d13a6b15ec725894175b36cd76a136
-yRb-Jum7EQ$_$1,-yRb-Jum7EQ,1,text,Neutral,0.0,29.29,50.0,768.0,50x768,50 equal-duration bins,44.0,0.553275,1.020342,28.68961,ctc,transformers:D:\E_math\models\bert-base-uncased,D:\E_math\DATA\attachment_1_raw_samples\videos\-yRb-Jum7EQ\1.mp4,2f16da1baa8660e5bfc608f5237cdd59725d16e57a19bc02c4556cd2c7129a46
-yRb-Jum7EQ$_$1,-yRb-Jum7EQ,1,audio,Neutral,0.0,29.29,2909.0,74.0,50x74,50 equal-duration bins,50.0,0.993684,0.0,29.105,ctc,ffmpeg_numpy_74,D:\E_math\DATA\attachment_1_raw_samples\videos\-yRb-Jum7EQ\1.mp4,2f16da1baa8660e5bfc608f5237cdd59725d16e57a19bc02c4556cd2c7129a46
-yRb-Jum7EQ$_$1,-yRb-Jum7EQ,1,vision,Neutral,0.0,29.29,146.0,35.0,50x35,50 equal-duration bins,50.0,1.0,0.0,29.290001,ctc,ffmpeg_numpy_35,D:\E_math\DATA\attachment_1_raw_samples\videos\-yRb-Jum7EQ\1.mp4,2f16da1baa8660e5bfc608f5237cdd59725d16e57a19bc02c4556cd2c7129a46
-yRb-Jum7EQ$_$5,-yRb-Jum7EQ,5,text,Negative,-0.666667,13.17,33.0,768.0,50x768,50 equal-duration bins,41.0,0.581201,0.120226,12.824147,ctc,transformers:D:\E_math\models\bert-base-uncased,D:\E_math\DATA\attachment_1_raw_samples\videos\-yRb-Jum7EQ\5.mp4,6d6145293cf84d1fc8324dfa8d39465e2d7fc07affb67ff68deeabf6e3c410d9
-yRb-Jum7EQ$_$5,-yRb-Jum7EQ,5,audio,Negative,-0.666667,13.17,1302.0,74.0,50x74,50 equal-duration bins,50.0,0.989749,0.0,13.035,ctc,ffmpeg_numpy_74,D:\E_math\DATA\attachment_1_raw_samples\videos\-yRb-Jum7EQ\5.mp4,6d6145293cf84d1fc8324dfa8d39465e2d7fc07affb67ff68deeabf6e3c410d9
-yRb-Jum7EQ$_$5,-yRb-Jum7EQ,5,vision,Negative,-0.666667,13.17,66.0,35.0,50x35,50 equal-duration bins,50.0,1.0,0.0,13.17,ctc,ffmpeg_numpy_35,D:\E_math\DATA\attachment_1_raw_samples\videos\-yRb-Jum7EQ\5.mp4,6d6145293cf84d1fc8324dfa8d39465e2d7fc07affb67ff68deeabf6e3c410d9
-yRb-Jum7EQ$_$6,-yRb-Jum7EQ,6,text,Neutral,0.0,11.24,26.0,768.0,50x768,50 equal-duration bins,36.0,0.542013,0.400804,11.00208,ctc,transformers:D:\E_math\models\bert-base-uncased,D:\E_math\DATA\attachment_1_raw_samples\videos\-yRb-Jum7EQ\6.mp4,b51eb9ad06de804934cb6a315de591ba9ff7f8aa71bffff7f8001ab29945d989
-yRb-Jum7EQ$_$6,-yRb-Jum7EQ,6,audio,Neutral,0.0,11.24,1122.0,74.0,50x74,50 equal-duration bins,50.0,0.999555,0.0,11.235,ctc,ffmpeg_numpy_74,D:\E_math\DATA\attachment_1_raw_samples\videos\-yRb-Jum7EQ\6.mp4,b51eb9ad06de804934cb6a315de591ba9ff7f8aa71bffff7f8001ab29945d989
-yRb-Jum7EQ$_$6,-yRb-Jum7EQ,6,vision,Neutral,0.0,11.24,56.0,35.0,50x35,50 equal-duration bins,50.0,1.0,0.0,11.24,ctc,ffmpeg_numpy_35,D:\E_math\DATA\attachment_1_raw_samples\videos\-yRb-Jum7EQ\6.mp4,b51eb9ad06de804934cb6a315de591ba9ff7f8aa71bffff7f8001ab29945d989
