epoch,lr,head_lr,train_loss,train_accuracy,train_macro_f1,train_mae,train_classification_loss,train_regression_loss,train_rmse,train_pearson,valid_loss,valid_accuracy,valid_macro_f1,valid_mae,valid_classification_loss,valid_regression_loss,valid_rmse,valid_pearson
1,1.5e-05,7.500000000000001e-05,0.6530081606473066,0.7549337260677467,0.690408660712583,0.5482542721140411,0.6004964651520719,0.35007796996823115,0.7239555104501327,0.7680390411936967,0.8676934606917612,0.635989010989011,0.5741512725933227,0.6032821486862683,0.8075355265166734,0.4010528945005857,0.7972098153276707,0.6505442192199041
2,1.5e-05,7.500000000000001e-05,0.4237362264147212,0.8703976435935199,0.8474498287564364,0.4401372317894086,0.3852052716689187,0.25687303163868336,0.5918099120353278,0.8504743316102149,0.86831992992333,0.6414835164835165,0.6105367634498272,0.5734618548278256,0.8124074660814725,0.3727497589457166,0.7626325327659046,0.6865242581420195
3,1.5e-05,7.500000000000001e-05,0.3587127530767921,0.8848306332842415,0.8654169693390136,0.47741339552889694,0.3158035633665824,0.2860612647347317,0.6188228447859271,0.8694032075900913,1.188484380205909,0.5975274725274725,0.58588936362237,0.6463435507062208,1.122538346510667,0.43964022463494606,0.8601064340217272,0.6686090865656286
4,1.5e-05,7.500000000000001e-05,0.13483385369071904,0.9714285714285714,0.9677167028475316,0.38345157000536595,0.10324098417790543,0.21061913008542404,0.5201605139774839,0.8872461326426218,1.2602208102142418,0.5947802197802198,0.5938142145165713,0.5842796909919643,1.2026451839195502,0.3838375086312766,0.7803298997543927,0.669657652373368
5,1.5e-05,7.500000000000001e-05,0.06567844011558875,0.9888070692194404,0.9864373277864379,0.40993131687082845,0.031094138624917424,0.23056200993780887,0.5309988742914332,0.8961655489972513,1.6666810697251624,0.6208791208791209,0.5922331059237969,0.6072688811985715,1.6060841607523488,0.4039793931520902,0.8083488719915428,0.6677264635338035
6,1.5e-05,7.500000000000001e-05,0.0600960264590861,0.9899852724594993,0.987842779203814,0.359381517089234,0.031025022563465565,0.19380669263747022,0.5001144726256186,0.9046234292566024,1.9554774268970385,0.6291208791208791,0.6089273920156274,0.5837783386475396,1.8976040515270862,0.3858225024663485,0.7883791126853261,0.6561715039856939
7,1.5e-05,7.500000000000001e-05,0.037713088290285815,0.9964653902798233,0.9962406221458574,0.3306707599816161,0.011962677684334136,0.1716694040396779,0.46192198316486255,0.9196170842966156,2.1196617450687913,0.614010989010989,0.6013865217870225,0.5864601833234121,2.0612237532060225,0.3895866124184577,0.7938055007649926,0.6605485779586909
8,1.5e-05,7.500000000000001e-05,0.0371288707302074,0.9955817378497791,0.9950314752829069,0.3090177208525355,0.014557505367441714,0.15047576908510457,0.41901038978157085,0.9315108697380763,2.2927142374299385,0.6222527472527473,0.590334912033287,0.5913260920884108,2.234043747514159,0.3911365994385311,0.7955341824173604,0.6745420686066811
9,1.5e-05,7.500000000000001e-05,0.02678743656030657,0.9973490427098675,0.9968380316829798,0.27948666901680175,0.006959198353968462,0.13218825470892073,0.3946219883027394,0.9426594628707324,2.2395682908676484,0.614010989010989,0.5950007546677766,0.5801702233691506,2.182014441752172,0.38369232743651005,0.7875140492897119,0.6763857572265415
10,1.5e-05,7.500000000000001e-05,0.031899358221770036,0.9949926362297496,0.9945358247700264,0.2687825283049352,0.013179906552029289,0.12479634446493831,0.38243964592938,0.9542166116213517,2.2329749844886444,0.6277472527472527,0.6090893249363195,0.5799806783907115,2.1753975244668813,0.3838497334784204,0.7831099996042148,0.6819063437621281
11,1.5e-05,7.500000000000001e-05,0.024298548899859804,0.9970544918998527,0.9966841655652902,0.2311265306621351,0.010377260823548937,0.09280858717540579,0.3183908692732857,0.9656693680762808,2.308209570259838,0.6277472527472527,0.6002517393141625,0.5843738250659554,2.2503306105896668,0.3858597311344776,0.7830222219191701,0.6771666495728087
12,1.5e-05,7.500000000000001e-05,0.019095597726393035,0.9982326951399116,0.9979352063915966,0.2209254922298646,0.005897903394239333,0.08798462888102468,0.31013614921066046,0.969870880941538,2.3054981041740588,0.6208791208791209,0.5818405886317601,0.5971734085437524,2.2461995895092306,0.39532343109885415,0.7977005613690868,0.6774192192981949
13,1.5e-05,7.500000000000001e-05,0.010560668294643092,0.9994108983799705,0.9994082823929546,0.15399393069726552,0.0033337008657924206,0.048179782859004476,0.2268831740623782,0.9796421741029468,2.308107607148506,0.6098901098901099,0.5756561475306903,0.5679796845600992,2.2519862678024793,0.37414226230684217,0.7716647469996711,0.67600976340129
14,1.5e-05,7.500000000000001e-05,0.01188724759457268,0.9976435935198822,0.9972027144164027,0.14675695570034902,0.005421232098894569,0.043106769971187404,0.2136015773973896,0.983650832844293,2.488907135318924,0.6181318681318682,0.596989649512362,0.5677581826214689,2.4326755633720984,0.3748771463121687,0.7717686472650714,0.6779235704175424
15,1.5e-05,7.500000000000001e-05,0.009926071344162932,0.9976435935198822,0.9975827336874475,0.12829933152952408,0.004825600818285118,0.03400313683918544,0.18736948970705947,0.9874871434282522,2.543093179379191,0.6332417582417582,0.6025153829313247,0.5700014328230991,2.4869107597476834,0.37454946421004914,0.773346020503535,0.6782680133550504
16,1.5e-05,7.500000000000001e-05,0.008093774427093334,0.9994108983799705,0.9993611052563303,0.13523582451330807,0.0025912786236606178,0.03668330535621812,0.193908311462397,0.9883177210539174,2.71951848582907,0.6346153846153846,0.6159730889039555,0.5696910063270479,2.663039647615873,0.3765255880879832,0.7784926997747824,0.6782033270472653
17,1.5e-05,7.500000000000001e-05,0.008247706801966601,0.9994108983799705,0.9992885518345269,0.15562498214186907,0.001330920683963441,0.046111907453354396,0.2172798264701136,0.9913165479132822,2.7864171696560724,0.6277472527472527,0.595035641793575,0.5831395330311792,2.7286747104519016,0.38494972802780486,0.7881639976781284,0.6778301444445466
18,1.5e-05,7.500000000000001e-05,0.004688072827746146,0.9991163475699558,0.9991359576933109,0.10584028613683664,0.0012010868083595111,0.023246573462577563,0.15392347425229502,0.9916399244675389,2.8058932018312777,0.635989010989011,0.6066536154762501,0.5633279416827833,2.750415938241141,0.36984842393424483,0.7680759308032524,0.6825822792041214
19,1.5e-05,7.500000000000001e-05,0.008536329613257863,0.9994108983799705,0.9994082237498021,0.1523813308656918,0.00183212021550929,0.04469472931832382,0.21439680807568498,0.9897161828216274,2.945496775848525,0.6387362637362637,0.6081704119155672,0.5835572766078697,2.887347480752966,0.3876619673037267,0.7915598179372516,0.6727115207404226
20,1.5e-05,7.500000000000001e-05,0.008584868485308273,0.9997054491899853,0.9997277859474684,0.13234151025715563,0.0032091828101535433,0.03583790450103153,0.19173356284082663,0.9916416911172974,2.8704836515279912,0.635989010989011,0.5959255101046145,0.5798988665331278,2.8128746263273467,0.38406016800429793,0.7837766011416261,0.6788561258725031
21,1.5e-05,7.500000000000001e-05,0.007814554141346427,0.9991163475699558,0.9990884911539893,0.1340854428365651,0.002180715107857229,0.03755892688992799,0.1953026803405022,0.9932629161611222,2.878341313312342,0.646978021978022,0.6149545710778092,0.5786312045516692,2.8209554913279775,0.38257214656242955,0.7843425848282909,0.681851749889067
22,1.5e-05,7.500000000000001e-05,0.005721223282295832,0.9997054491899853,0.9996804377844414,0.09970262293430904,0.0025894856322844773,0.020878251000075697,0.14517358417948614,0.9922030801526753,2.922839365686689,0.6346153846153846,0.5983826922706788,0.5724106833778813,2.866290406866388,0.37699305880200734,0.7737839758904362,0.6741129547850273
23,1.5e-05,7.500000000000001e-05,0.006112928351074311,0.9997054491899853,0.9996804377844414,0.12165056627781427,0.0014484903015198382,0.03109625366369649,0.17769252254819212,0.9937718675791702,3.110268173080224,0.6387362637362637,0.606563222303296,0.5774350518688232,3.05283998133062,0.38285461166402796,0.7843085871515421,0.6768551587918838
24,1.5e-05,7.500000000000001e-05,0.005224320990923622,0.9997054491899853,0.9996804377844414,0.11680360956718276,0.001061774799202477,0.027750307944807633,0.16691541520347708,0.9948026668033634,3.125237953744747,0.6428571428571429,0.6113742699424675,0.5726320679673086,3.068502672425993,0.37823520879169087,0.7749090600382198,0.6839962817939951
25,1.5e-05,7.500000000000001e-05,0.005135448786906867,0.9997054491899853,0.9996804377844414,0.10417821184815688,0.0017440331441980193,0.022609437618058982,0.15129751305339012,0.994060516720177,3.066987644921947,0.6428571428571429,0.6112289102162961,0.5628801002730053,3.011415727845915,0.37047944717354825,0.7676459417729679,0.6856179839473289
26,1.5e-05,7.500000000000001e-05,0.005684355052007329,0.9994108983799705,0.9992885518345269,0.09686570239221795,0.0027455006240622248,0.019592362852967365,0.14047837964810123,0.9936723143299626,3.3818063939665697,0.6236263736263736,0.5928771251255306,0.5711540384243683,3.3250077478178253,0.37865764099163013,0.7829065627386529,0.6718969726055934
27,1.5e-05,7.500000000000001e-05,0.0039051814736836637,1.0,1.0,0.10243563151648144,0.0004782100284806609,0.022846476301353353,0.1519142897663206,0.9943764840068287,3.4084644903520958,0.6263736263736264,0.5969004919301829,0.5713531891994464,3.3518629178896053,0.3773438164166042,0.778488161010761,0.679584186717025
28,1.5e-05,7.500000000000001e-05,0.010000923139428745,0.9988217967599411,0.9987222105126604,0.12048306866564043,0.005948524577348542,0.027015990413868023,0.16476098178975918,0.9944906366829513,3.385053778349698,0.6332417582417582,0.6123557159875558,0.5659783533237015,3.328976707144098,0.3738471413706685,0.7734626818302415,0.6862651330374104
29,1.5e-05,7.500000000000001e-05,0.004344505330883563,1.0,1.0,0.11837374198117427,5.694226709771243e-05,0.028583753758572337,0.17049662923722025,0.9936058027675929,3.4458433149935126,0.635989010989011,0.5940556478199431,0.5745726443921819,3.3887796192378787,0.3804246383708912,0.7808978554853135,0.68399689368175
30,1.5e-05,7.500000000000001e-05,0.00613028524260826,0.9994108983799705,0.9993611052563303,0.11316400357797764,0.0020058342653804353,0.0274963398481855,0.16633100718757932,0.9940854200440168,3.342733483655112,0.6346153846153846,0.5935365863644552,0.5710155287486307,3.2864978182446825,0.37490443606953044,0.7729485468239352,0.6853032050501154
